"url","count"
"https://test1.graana.rocks/residential/for_rent/islamabad/all/1",2617
"https://test1.graana.rocks/residential/for_rent/lahore/all/2",8317
"https://test1.graana.rocks/residential/for_rent/rawalpindi/all/3",404
"https://test1.graana.rocks/residential/for_rent/taxila/all/166",1
"https://test1.graana.rocks/residential/for_rent/multan/all/168",404
"https://test1.graana.rocks/residential/for_rent/karachi/all/169",5138
"https://test1.graana.rocks/residential/for_rent/faisalabad/all/170",588
"https://test1.graana.rocks/residential/for_rent/wah/all/173",1
"https://test1.graana.rocks/residential/for_rent/gujranwala/all/174",271
"https://test1.graana.rocks/residential/for_rent/peshawar/all/176",256
"https://test1.graana.rocks/residential/for_rent/gwadar/all/179",0
"https://test1.graana.rocks/residential/for_rent/hyderabad/all/183",404
"https://test1.graana.rocks/residential/for_rent/quetta/all/187",117
"https://test1.graana.rocks/residential/for_rent/sialkot/all/190",213
"https://test1.graana.rocks/residential/for_rent/jhelum/all/193",66
"https://test1.graana.rocks/residential/for_rent/sukkur/all/207",220
"https://test1.graana.rocks/residential/for_rent/gujrat/all/233",206
"https://test1.graana.rocks/residential/for_rent/lalamusa/all/234",0
"https://test1.graana.rocks/residential/for_rent/kharian/all/235",10
"https://test1.graana.rocks/residential/for_rent/wazirabad/all/236",4
"https://test1.graana.rocks/residential/for_rent/khanewal/all/240",0
"https://test1.graana.rocks/residential/for_rent/dina/all/243",0
"https://test1.graana.rocks/residential/for_sale/islamabad/all/1",3897
"https://test1.graana.rocks/residential/for_sale/lahore/all/2",10271
"https://test1.graana.rocks/residential/for_sale/rawalpindi/all/3",1761
"https://test1.graana.rocks/residential/for_sale/taxila/all/166",4
"https://test1.graana.rocks/residential/for_sale/multan/all/168",4874
"https://test1.graana.rocks/residential/for_sale/karachi/all/169",29298
"https://test1.graana.rocks/residential/for_sale/faisalabad/all/170",1798
"https://test1.graana.rocks/residential/for_sale/wah/all/173",20
"https://test1.graana.rocks/residential/for_sale/gujranwala/all/174",2448
"https://test1.graana.rocks/residential/for_sale/peshawar/all/176",1956
"https://test1.graana.rocks/residential/for_sale/gwadar/all/179",11
"https://test1.graana.rocks/residential/for_sale/hyderabad/all/183",3431
"https://test1.graana.rocks/residential/for_sale/quetta/all/187",1506
"https://test1.graana.rocks/residential/for_sale/sialkot/all/190",2333
"https://test1.graana.rocks/residential/for_sale/jhelum/all/193",536
"https://test1.graana.rocks/residential/for_sale/sukkur/all/207",914
"https://test1.graana.rocks/residential/for_sale/gujrat/all/233",550
"https://test1.graana.rocks/residential/for_sale/lalamusa/all/234",0
"https://test1.graana.rocks/residential/for_sale/kharian/all/235",26
"https://test1.graana.rocks/residential/for_sale/wazirabad/all/236",81
"https://test1.graana.rocks/residential/for_sale/khanewal/all/240",0
"https://test1.graana.rocks/residential/for_sale/dina/all/243",0
"https://test1.graana.rocks/house/for_rent/islamabad/all/1",826
"https://test1.graana.rocks/house/for_rent/lahore/all/2",4059
"https://test1.graana.rocks/house/for_rent/rawalpindi/all/3",140
"https://test1.graana.rocks/house/for_rent/taxila/all/166",1
"https://test1.graana.rocks/house/for_rent/multan/all/168",305
"https://test1.graana.rocks/house/for_rent/karachi/all/169",1214
"https://test1.graana.rocks/house/for_rent/faisalabad/all/170",289
"https://test1.graana.rocks/house/for_rent/wah/all/173",1
"https://test1.graana.rocks/house/for_rent/gujranwala/all/174",158
"https://test1.graana.rocks/house/for_rent/peshawar/all/176",194
"https://test1.graana.rocks/house/for_rent/gwadar/all/179",0
"https://test1.graana.rocks/house/for_rent/hyderabad/all/183",185
"https://test1.graana.rocks/house/for_rent/quetta/all/187",53
"https://test1.graana.rocks/house/for_rent/sialkot/all/190",184
"https://test1.graana.rocks/house/for_rent/jhelum/all/193",26
"https://test1.graana.rocks/house/for_rent/sukkur/all/207",118
"https://test1.graana.rocks/house/for_rent/gujrat/all/233",103
"https://test1.graana.rocks/house/for_rent/lalamusa/all/234",0
"https://test1.graana.rocks/house/for_rent/kharian/all/235",0
"https://test1.graana.rocks/house/for_rent/wazirabad/all/236",3
"https://test1.graana.rocks/house/for_rent/khanewal/all/240",0
"https://test1.graana.rocks/house/for_rent/dina/all/243",0
"https://test1.graana.rocks/house/for_sale/islamabad/all/1",2971
"https://test1.graana.rocks/house/for_sale/lahore/all/2",9908
"https://test1.graana.rocks/house/for_sale/rawalpindi/all/3",1628
"https://test1.graana.rocks/house/for_sale/taxila/all/166",2
"https://test1.graana.rocks/house/for_sale/multan/all/168",4864
"https://test1.graana.rocks/house/for_sale/karachi/all/169",6379
"https://test1.graana.rocks/house/for_sale/faisalabad/all/170",1775
"https://test1.graana.rocks/house/for_sale/wah/all/173",17
"https://test1.graana.rocks/house/for_sale/gujranwala/all/174",2447
"https://test1.graana.rocks/house/for_sale/peshawar/all/176",1933
"https://test1.graana.rocks/house/for_sale/gwadar/all/179",5
"https://test1.graana.rocks/house/for_sale/hyderabad/all/183",1137
"https://test1.graana.rocks/house/for_sale/quetta/all/187",821
"https://test1.graana.rocks/house/for_sale/sialkot/all/190",2333
"https://test1.graana.rocks/house/for_sale/jhelum/all/193",515
"https://test1.graana.rocks/house/for_sale/sukkur/all/207",545
"https://test1.graana.rocks/house/for_sale/gujrat/all/233",548
"https://test1.graana.rocks/house/for_sale/lalamusa/all/234",0
"https://test1.graana.rocks/house/for_sale/kharian/all/235",26
"https://test1.graana.rocks/house/for_sale/wazirabad/all/236",81
"https://test1.graana.rocks/house/for_sale/khanewal/all/240",0
"https://test1.graana.rocks/house/for_sale/dina/all/243",0
"https://test1.graana.rocks/guest house/for_rent/islamabad/all/1",1
"https://test1.graana.rocks/guest-house/for_rent/lahore/all/2",0
"https://test1.graana.rocks/guest-house/for_rent/rawalpindi/all/3",0
"https://test1.graana.rocks/guest-house/for_rent/taxila/all/166",0
"https://test1.graana.rocks/guest-house/for_rent/multan/all/168",0
"https://test1.graana.rocks/guest house/for_rent/karachi/all/169",10
"https://test1.graana.rocks/guest-house/for_rent/faisalabad/all/170",0
"https://test1.graana.rocks/guest-house/for_rent/wah/all/173",0
"https://test1.graana.rocks/guest-house/for_rent/gujranwala/all/174",0
"https://test1.graana.rocks/guest-house/for_rent/peshawar/all/176",0
"https://test1.graana.rocks/guest-house/for_rent/gwadar/all/179",0
"https://test1.graana.rocks/guest-house/for_rent/hyderabad/all/183",0
"https://test1.graana.rocks/guest-house/for_rent/quetta/all/187",0
"https://test1.graana.rocks/guest house/for_rent/sialkot/all/190",1
"https://test1.graana.rocks/guest-house/for_rent/jhelum/all/193",0
"https://test1.graana.rocks/guest-house/for_rent/sukkur/all/207",0
"https://test1.graana.rocks/guest-house/for_rent/gujrat/all/233",0
"https://test1.graana.rocks/guest-house/for_rent/lalamusa/all/234",0
"https://test1.graana.rocks/guest-house/for_rent/kharian/all/235",0
"https://test1.graana.rocks/guest-house/for_rent/wazirabad/all/236",0
"https://test1.graana.rocks/guest-house/for_rent/khanewal/all/240",0
"https://test1.graana.rocks/guest-house/for_rent/dina/all/243",0
"https://test1.graana.rocks/guest house/for_sale/islamabad/all/1",1
"https://test1.graana.rocks/guest-house/for_sale/lahore/all/2",0
"https://test1.graana.rocks/guest-house/for_sale/rawalpindi/all/3",0
"https://test1.graana.rocks/guest-house/for_sale/taxila/all/166",0
"https://test1.graana.rocks/guest house/for_sale/multan/all/168",1
"https://test1.graana.rocks/guest house/for_sale/karachi/all/169",3
"https://test1.graana.rocks/guest-house/for_sale/faisalabad/all/170",0
"https://test1.graana.rocks/guest-house/for_sale/wah/all/173",0
"https://test1.graana.rocks/guest-house/for_sale/gujranwala/all/174",0
"https://test1.graana.rocks/guest-house/for_sale/peshawar/all/176",0
"https://test1.graana.rocks/guest-house/for_sale/gwadar/all/179",0
"https://test1.graana.rocks/guest-house/for_sale/hyderabad/all/183",0
"https://test1.graana.rocks/guest-house/for_sale/quetta/all/187",0
"https://test1.graana.rocks/guest-house/for_sale/sialkot/all/190",0
"https://test1.graana.rocks/guest-house/for_sale/jhelum/all/193",0
"https://test1.graana.rocks/guest-house/for_sale/sukkur/all/207",0
"https://test1.graana.rocks/guest-house/for_sale/gujrat/all/233",0
"https://test1.graana.rocks/guest-house/for_sale/lalamusa/all/234",0
"https://test1.graana.rocks/guest-house/for_sale/kharian/all/235",0
"https://test1.graana.rocks/guest-house/for_sale/wazirabad/all/236",0
"https://test1.graana.rocks/guest-house/for_sale/khanewal/all/240",0
"https://test1.graana.rocks/guest-house/for_sale/dina/all/243",0
"https://test1.graana.rocks/apartment/for_rent/islamabad/all/1",612
"https://test1.graana.rocks/apartment/for_rent/lahore/all/2",943
"https://test1.graana.rocks/apartment/for_rent/rawalpindi/all/3",129
"https://test1.graana.rocks/apartment/for_rent/taxila/all/166",0
"https://test1.graana.rocks/apartment/for_rent/multan/all/168",8
"https://test1.graana.rocks/apartment/for_rent/karachi/all/169",2218
"https://test1.graana.rocks/apartment/for_rent/faisalabad/all/170",25
"https://test1.graana.rocks/apartment/for_rent/wah/all/173",0
"https://test1.graana.rocks/apartment/for_rent/gujranwala/all/174",11
"https://test1.graana.rocks/apartment/for_rent/peshawar/all/176",38
"https://test1.graana.rocks/apartment/for_rent/gwadar/all/179",0
"https://test1.graana.rocks/apartment/for_rent/hyderabad/all/183",119
"https://test1.graana.rocks/apartment/for_rent/quetta/all/187",38
"https://test1.graana.rocks/apartment/for_rent/sialkot/all/190",1
"https://test1.graana.rocks/apartment/for_rent/jhelum/all/193",24
"https://test1.graana.rocks/apartment/for_rent/sukkur/all/207",49
"https://test1.graana.rocks/apartment/for_rent/gujrat/all/233",36
"https://test1.graana.rocks/apartment/for_rent/lalamusa/all/234",0
"https://test1.graana.rocks/apartment/for_rent/kharian/all/235",9
"https://test1.graana.rocks/apartment/for_rent/wazirabad/all/236",1
"https://test1.graana.rocks/apartment/for_rent/khanewal/all/240",0
"https://test1.graana.rocks/apartment/for_rent/dina/all/243",0
"https://test1.graana.rocks/apartment/for_sale/islamabad/all/1",805
"https://test1.graana.rocks/apartment/for_sale/lahore/all/2",303
"https://test1.graana.rocks/apartment/for_sale/rawalpindi/all/3",121
"https://test1.graana.rocks/apartment/for_sale/taxila/all/166",0
"https://test1.graana.rocks/apartment/for_sale/multan/all/168",4
"https://test1.graana.rocks/apartment/for_sale/karachi/all/169",20026
"https://test1.graana.rocks/apartment/for_sale/faisalabad/all/170",21
"https://test1.graana.rocks/apartment/for_sale/wah/all/173",3
"https://test1.graana.rocks/apartment/for_sale/gujranwala/all/174",1
"https://test1.graana.rocks/apartment/for_sale/peshawar/all/176",20
"https://test1.graana.rocks/apartment/for_sale/gwadar/all/179",0
"https://test1.graana.rocks/apartment/for_sale/hyderabad/all/183",2164
"https://test1.graana.rocks/apartment/for_sale/quetta/all/187",616
"https://test1.graana.rocks/apartment/for_sale/sialkot/all/190",0
"https://test1.graana.rocks/apartment/for_sale/jhelum/all/193",21
"https://test1.graana.rocks/apartment/for_sale/sukkur/all/207",349
"https://test1.graana.rocks/apartment/for_sale/gujrat/all/233",2
"https://test1.graana.rocks/apartment/for_sale/lalamusa/all/234",0
"https://test1.graana.rocks/apartment/for_sale/kharian/all/235",0
"https://test1.graana.rocks/apartment/for_sale/wazirabad/all/236",0
"https://test1.graana.rocks/apartment/for_sale/khanewal/all/240",0
"https://test1.graana.rocks/apartment/for_sale/dina/all/243",0
"https://test1.graana.rocks/hostel/for_rent/islamabad/all/1",0
"https://test1.graana.rocks/hostel/for_rent/lahore/all/2",12
"https://test1.graana.rocks/hostel/for_rent/rawalpindi/all/3",1
"https://test1.graana.rocks/hostel/for_rent/taxila/all/166",0
"https://test1.graana.rocks/hostel/for_rent/multan/all/168",0
"https://test1.graana.rocks/hostel/for_rent/karachi/all/169",1
"https://test1.graana.rocks/hostel/for_rent/faisalabad/all/170",2
"https://test1.graana.rocks/hostel/for_rent/wah/all/173",0
"https://test1.graana.rocks/hostel/for_rent/gujranwala/all/174",0
"https://test1.graana.rocks/hostel/for_rent/peshawar/all/176",2
"https://test1.graana.rocks/hostel/for_rent/gwadar/all/179",0
"https://test1.graana.rocks/hostel/for_rent/hyderabad/all/183",0
"https://test1.graana.rocks/hostel/for_rent/quetta/all/187",1
"https://test1.graana.rocks/hostel/for_rent/sialkot/all/190",0
"https://test1.graana.rocks/hostel/for_rent/jhelum/all/193",0
"https://test1.graana.rocks/hostel/for_rent/sukkur/all/207",0
"https://test1.graana.rocks/hostel/for_rent/gujrat/all/233",0
"https://test1.graana.rocks/hostel/for_rent/lalamusa/all/234",0
"https://test1.graana.rocks/hostel/for_rent/kharian/all/235",0
"https://test1.graana.rocks/hostel/for_rent/wazirabad/all/236",0
"https://test1.graana.rocks/hostel/for_rent/khanewal/all/240",0
"https://test1.graana.rocks/hostel/for_rent/dina/all/243",0
"https://test1.graana.rocks/hostel/for_sale/islamabad/all/1",0
"https://test1.graana.rocks/hostel/for_sale/lahore/all/2",1
"https://test1.graana.rocks/hostel/for_sale/rawalpindi/all/3",0
"https://test1.graana.rocks/hostel/for_sale/taxila/all/166",2
"https://test1.graana.rocks/hostel/for_sale/multan/all/168",0
"https://test1.graana.rocks/hostel/for_sale/karachi/all/169",0
"https://test1.graana.rocks/hostel/for_sale/faisalabad/all/170",0
"https://test1.graana.rocks/hostel/for_sale/wah/all/173",0
"https://test1.graana.rocks/hostel/for_sale/gujranwala/all/174",0
"https://test1.graana.rocks/hostel/for_sale/peshawar/all/176",0
"https://test1.graana.rocks/hostel/for_sale/gwadar/all/179",0
"https://test1.graana.rocks/hostel/for_sale/hyderabad/all/183",1
"https://test1.graana.rocks/hostel/for_sale/quetta/all/187",0
"https://test1.graana.rocks/hostel/for_sale/sialkot/all/190",0
"https://test1.graana.rocks/hostel/for_sale/jhelum/all/193",0
"https://test1.graana.rocks/hostel/for_sale/sukkur/all/207",0
"https://test1.graana.rocks/hostel/for_sale/gujrat/all/233",0
"https://test1.graana.rocks/hostel/for_sale/lalamusa/all/234",0
"https://test1.graana.rocks/hostel/for_sale/kharian/all/235",0
"https://test1.graana.rocks/hostel/for_sale/wazirabad/all/236",0
"https://test1.graana.rocks/hostel/for_sale/khanewal/all/240",0
"https://test1.graana.rocks/hostel/for_sale/dina/all/243",0
"https://test1.graana.rocks/upper-portion/for_rent/islamabad/all/1",542
"https://test1.graana.rocks/upper-portion/for_rent/lahore/all/2",2498
"https://test1.graana.rocks/upper-portion/for_rent/rawalpindi/all/3",77
"https://test1.graana.rocks/upper-portion/for_rent/taxila/all/166",0
"https://test1.graana.rocks/upper-portion/for_rent/multan/all/168",49
"https://test1.graana.rocks/upper-portion/for_rent/karachi/all/169",1031
"https://test1.graana.rocks/upper-portion/for_rent/faisalabad/all/170",82
"https://test1.graana.rocks/upper-portion/for_rent/wah/all/173",0
"https://test1.graana.rocks/upper-portion/for_rent/gujranwala/all/174",73
"https://test1.graana.rocks/upper-portion/for_rent/peshawar/all/176",15
"https://test1.graana.rocks/upper-portion/for_rent/gwadar/all/179",0
"https://test1.graana.rocks/upper-portion/for_rent/hyderabad/all/183",53
"https://test1.graana.rocks/upper-portion/for_rent/quetta/all/187",5
"https://test1.graana.rocks/upper-portion/for_rent/sialkot/all/190",16
"https://test1.graana.rocks/upper-portion/for_rent/jhelum/all/193",7
"https://test1.graana.rocks/upper-portion/for_rent/sukkur/all/207",28
"https://test1.graana.rocks/upper-portion/for_rent/gujrat/all/233",41
"https://test1.graana.rocks/upper-portion/for_rent/lalamusa/all/234",0
"https://test1.graana.rocks/upper-portion/for_rent/kharian/all/235",1
"https://test1.graana.rocks/upper-portion/for_rent/wazirabad/all/236",0
"https://test1.graana.rocks/upper-portion/for_rent/khanewal/all/240",0
"https://test1.graana.rocks/upper-portion/for_rent/dina/all/243",0
"https://test1.graana.rocks/upper-portion/for_sale/islamabad/all/1",0
"https://test1.graana.rocks/upper-portion/for_sale/lahore/all/2",0
"https://test1.graana.rocks/upper-portion/for_sale/rawalpindi/all/3",0
"https://test1.graana.rocks/upper-portion/for_sale/taxila/all/166",0
"https://test1.graana.rocks/upper-portion/for_sale/multan/all/168",0
"https://test1.graana.rocks/upper-portion/for_sale/karachi/all/169",2040
"https://test1.graana.rocks/upper-portion/for_sale/faisalabad/all/170",0
"https://test1.graana.rocks/upper-portion/for_sale/wah/all/173",0
"https://test1.graana.rocks/upper-portion/for_sale/gujranwala/all/174",0
"https://test1.graana.rocks/upper-portion/for_sale/peshawar/all/176",1
"https://test1.graana.rocks/upper-portion/for_sale/gwadar/all/179",0
"https://test1.graana.rocks/upper-portion/for_sale/hyderabad/all/183",13
"https://test1.graana.rocks/upper-portion/for_sale/quetta/all/187",2
"https://test1.graana.rocks/upper-portion/for_sale/sialkot/all/190",0
"https://test1.graana.rocks/upper-portion/for_sale/jhelum/all/193",0
"https://test1.graana.rocks/upper-portion/for_sale/sukkur/all/207",3
"https://test1.graana.rocks/upper-portion/for_sale/gujrat/all/233",0
"https://test1.graana.rocks/upper-portion/for_sale/lalamusa/all/234",0
"https://test1.graana.rocks/upper-portion/for_sale/kharian/all/235",0
"https://test1.graana.rocks/upper-portion/for_sale/wazirabad/all/236",0
"https://test1.graana.rocks/upper-portion/for_sale/khanewal/all/240",0
"https://test1.graana.rocks/upper-portion/for_sale/dina/all/243",0
"https://test1.graana.rocks/lower-portion/for_sale/islamabad/all/1",0
"https://test1.graana.rocks/lower-portion/for_sale/lahore/all/2",0
"https://test1.graana.rocks/lower-portion/for_sale/rawalpindi/all/3",0
"https://test1.graana.rocks/lower-portion/for_sale/taxila/all/166",0
"https://test1.graana.rocks/lower-portion/for_sale/multan/all/168",0
"https://test1.graana.rocks/lower-portion/for_sale/karachi/all/169",512
"https://test1.graana.rocks/lower-portion/for_sale/faisalabad/all/170",0
"https://test1.graana.rocks/lower-portion/for_sale/wah/all/173",0
"https://test1.graana.rocks/lower-portion/for_sale/gujranwala/all/174",0
"https://test1.graana.rocks/lower-portion/for_sale/peshawar/all/176",0
"https://test1.graana.rocks/lower-portion/for_sale/gwadar/all/179",0
"https://test1.graana.rocks/lower-portion/for_sale/hyderabad/all/183",6
"https://test1.graana.rocks/lower-portion/for_sale/quetta/all/187",0
"https://test1.graana.rocks/lower-portion/for_sale/sialkot/all/190",0
"https://test1.graana.rocks/lower-portion/for_sale/jhelum/all/193",0
"https://test1.graana.rocks/lower-portion/for_sale/sukkur/all/207",1
"https://test1.graana.rocks/lower-portion/for_sale/gujrat/all/233",0
"https://test1.graana.rocks/lower-portion/for_sale/lalamusa/all/234",0
"https://test1.graana.rocks/lower-portion/for_sale/kharian/all/235",0
"https://test1.graana.rocks/lower-portion/for_sale/wazirabad/all/236",0
"https://test1.graana.rocks/lower-portion/for_sale/khanewal/all/240",0
"https://test1.graana.rocks/lower-portion/for_sale/dina/all/243",0
"https://test1.graana.rocks/lower-portion/for_rent/islamabad/all/1",398
"https://test1.graana.rocks/lower-portion/for_rent/lahore/all/2",649
"https://test1.graana.rocks/lower-portion/for_rent/rawalpindi/all/3",36
"https://test1.graana.rocks/lower-portion/for_rent/taxila/all/166",0
"https://test1.graana.rocks/lower-portion/for_rent/multan/all/168",39
"https://test1.graana.rocks/lower-portion/for_rent/karachi/all/169",564
"https://test1.graana.rocks/lower-portion/for_rent/faisalabad/all/170",44
"https://test1.graana.rocks/lower-portion/for_rent/wah/all/173",0
"https://test1.graana.rocks/lower-portion/for_rent/gujranwala/all/174",24
"https://test1.graana.rocks/lower-portion/for_rent/peshawar/all/176",6
"https://test1.graana.rocks/lower-portion/for_rent/gwadar/all/179",0
"https://test1.graana.rocks/lower-portion/for_rent/hyderabad/all/183",44
"https://test1.graana.rocks/lower-portion/for_rent/quetta/all/187",2
"https://test1.graana.rocks/lower-portion/for_rent/sialkot/all/190",11
"https://test1.graana.rocks/lower-portion/for_rent/jhelum/all/193",3
"https://test1.graana.rocks/lower-portion/for_rent/sukkur/all/207",17
"https://test1.graana.rocks/lower-portion/for_rent/gujrat/all/233",24
"https://test1.graana.rocks/lower-portion/for_rent/lalamusa/all/234",0
"https://test1.graana.rocks/lower-portion/for_rent/kharian/all/235",0
"https://test1.graana.rocks/lower-portion/for_rent/wazirabad/all/236",0
"https://test1.graana.rocks/lower-portion/for_rent/khanewal/all/240",0
"https://test1.graana.rocks/lower-portion/for_rent/dina/all/243",0
"https://test1.graana.rocks/room/for_rent/islamabad/all/1",42
"https://test1.graana.rocks/room/for_rent/lahore/all/2",120
"https://test1.graana.rocks/room/for_rent/rawalpindi/all/3",1
"https://test1.graana.rocks/room/for_rent/taxila/all/166",0
"https://test1.graana.rocks/room/for_rent/multan/all/168",1
"https://test1.graana.rocks/room/for_rent/karachi/all/169",9
"https://test1.graana.rocks/room/for_rent/faisalabad/all/170",146
"https://test1.graana.rocks/room/for_rent/wah/all/173",0
"https://test1.graana.rocks/room/for_rent/gujranwala/all/174",0
"https://test1.graana.rocks/room/for_rent/peshawar/all/176",0
"https://test1.graana.rocks/room/for_rent/gwadar/all/179",0
"https://test1.graana.rocks/room/for_rent/hyderabad/all/183",1
"https://test1.graana.rocks/room/for_rent/quetta/all/187",16
"https://test1.graana.rocks/room/for_rent/sialkot/all/190",0
"https://test1.graana.rocks/room/for_rent/jhelum/all/193",2
"https://test1.graana.rocks/room/for_rent/sukkur/all/207",3
"https://test1.graana.rocks/room/for_rent/gujrat/all/233",1
"https://test1.graana.rocks/room/for_rent/lalamusa/all/234",0
"https://test1.graana.rocks/room/for_rent/kharian/all/235",0
"https://test1.graana.rocks/room/for_rent/wazirabad/all/236",0
"https://test1.graana.rocks/room/for_rent/khanewal/all/240",0
"https://test1.graana.rocks/room/for_rent/dina/all/243",0
"https://test1.graana.rocks/room/for_sale/islamabad/all/1",0
"https://test1.graana.rocks/room/for_sale/lahore/all/2",0
"https://test1.graana.rocks/room/for_sale/rawalpindi/all/3",0
"https://test1.graana.rocks/room/for_sale/taxila/all/166",0
"https://test1.graana.rocks/room/for_sale/multan/all/168",0
"https://test1.graana.rocks/room/for_sale/karachi/all/169",0
"https://test1.graana.rocks/room/for_sale/faisalabad/all/170",0
"https://test1.graana.rocks/room/for_sale/wah/all/173",0
"https://test1.graana.rocks/room/for_sale/gujranwala/all/174",0
"https://test1.graana.rocks/room/for_sale/peshawar/all/176",0
"https://test1.graana.rocks/room/for_sale/gwadar/all/179",0
"https://test1.graana.rocks/room/for_sale/hyderabad/all/183",0
"https://test1.graana.rocks/room/for_sale/quetta/all/187",0
"https://test1.graana.rocks/room/for_sale/sialkot/all/190",0
"https://test1.graana.rocks/room/for_sale/jhelum/all/193",0
"https://test1.graana.rocks/room/for_sale/sukkur/all/207",0
"https://test1.graana.rocks/room/for_sale/gujrat/all/233",0
"https://test1.graana.rocks/room/for_sale/lalamusa/all/234",0
"https://test1.graana.rocks/room/for_sale/kharian/all/235",0
"https://test1.graana.rocks/room/for_sale/wazirabad/all/236",0
"https://test1.graana.rocks/room/for_sale/khanewal/all/240",0
"https://test1.graana.rocks/room/for_sale/dina/all/243",0
"https://test1.graana.rocks/farm-house/for_rent/islamabad/all/1",3
"https://test1.graana.rocks/farm-house/for_rent/lahore/all/2",9
"https://test1.graana.rocks/farm-house/for_rent/rawalpindi/all/3",0
"https://test1.graana.rocks/farm-house/for_rent/taxila/all/166",0
"https://test1.graana.rocks/farm-house/for_rent/multan/all/168",1
"https://test1.graana.rocks/farm-house/for_rent/karachi/all/169",4
"https://test1.graana.rocks/farm-house/for_rent/faisalabad/all/170",0
"https://test1.graana.rocks/farm-house/for_rent/wah/all/173",0
"https://test1.graana.rocks/farm-house/for_rent/gujranwala/all/174",0
"https://test1.graana.rocks/farm-house/for_rent/peshawar/all/176",0
"https://test1.graana.rocks/farm-house/for_rent/gwadar/all/179",0
"https://test1.graana.rocks/farm-house/for_rent/hyderabad/all/183",0
"https://test1.graana.rocks/farm-house/for_rent/quetta/all/187",0
"https://test1.graana.rocks/farm-house/for_rent/sialkot/all/190",0
"https://test1.graana.rocks/farm-house/for_rent/jhelum/all/193",0
"https://test1.graana.rocks/farm-house/for_rent/sukkur/all/207",0
"https://test1.graana.rocks/farm-house/for_rent/gujrat/all/233",0
"https://test1.graana.rocks/farm-house/for_rent/lalamusa/all/234",0
"https://test1.graana.rocks/farm-house/for_rent/kharian/all/235",0
"https://test1.graana.rocks/farm-house/for_rent/wazirabad/all/236",0
"https://test1.graana.rocks/farm-house/for_rent/khanewal/all/240",0
"https://test1.graana.rocks/farm-house/for_rent/dina/all/243",0
"https://test1.graana.rocks/farm-house/for_sale/islamabad/all/1",15
"https://test1.graana.rocks/farm-house/for_sale/lahore/all/2",26
"https://test1.graana.rocks/farm-house/for_sale/rawalpindi/all/3",0
"https://test1.graana.rocks/farm-house/for_sale/taxila/all/166",0
"https://test1.graana.rocks/farm-house/for_sale/multan/all/168",4
"https://test1.graana.rocks/farm-house/for_sale/karachi/all/169",8
"https://test1.graana.rocks/farm-house/for_sale/faisalabad/all/170",1
"https://test1.graana.rocks/farm-house/for_sale/wah/all/173",0
"https://test1.graana.rocks/farm-house/for_sale/gujranwala/all/174",0
"https://test1.graana.rocks/farm-house/for_sale/peshawar/all/176",1
"https://test1.graana.rocks/farm-house/for_sale/gwadar/all/179",2
"https://test1.graana.rocks/farm-house/for_sale/hyderabad/all/183",1
"https://test1.graana.rocks/farm-house/for_sale/quetta/all/187",0
"https://test1.graana.rocks/farm-house/for_sale/sialkot/all/190",0
"https://test1.graana.rocks/farm-house/for_sale/jhelum/all/193",0
"https://test1.graana.rocks/farm-house/for_sale/sukkur/all/207",0
"https://test1.graana.rocks/farm-house/for_sale/gujrat/all/233",0
"https://test1.graana.rocks/farm-house/for_sale/lalamusa/all/234",0
"https://test1.graana.rocks/farm-house/for_sale/kharian/all/235",0
"https://test1.graana.rocks/farm-house/for_sale/wazirabad/all/236",0
"https://test1.graana.rocks/farm-house/for_sale/khanewal/all/240",0
"https://test1.graana.rocks/farm-house/for_sale/dina/all/243",0
"https://test1.graana.rocks/penthouse/for_rent/islamabad/all/1",2
"https://test1.graana.rocks/penthouse/for_rent/lahore/all/2",0
"https://test1.graana.rocks/penthouse/for_rent/rawalpindi/all/3",1
"https://test1.graana.rocks/penthouse/for_rent/taxila/all/166",0
"https://test1.graana.rocks/penthouse/for_rent/multan/all/168",0
"https://test1.graana.rocks/penthouse/for_rent/karachi/all/169",24
"https://test1.graana.rocks/penthouse/for_rent/faisalabad/all/170",0
"https://test1.graana.rocks/penthouse/for_rent/wah/all/173",0
"https://test1.graana.rocks/penthouse/for_rent/gujranwala/all/174",0
"https://test1.graana.rocks/penthouse/for_rent/peshawar/all/176",0
"https://test1.graana.rocks/penthouse/for_rent/gwadar/all/179",0
"https://test1.graana.rocks/penthouse/for_rent/hyderabad/all/183",1
"https://test1.graana.rocks/penthouse/for_rent/quetta/all/187",0
"https://test1.graana.rocks/penthouse/for_rent/sialkot/all/190",0
"https://test1.graana.rocks/penthouse/for_rent/jhelum/all/193",0
"https://test1.graana.rocks/penthouse/for_rent/sukkur/all/207",2
"https://test1.graana.rocks/penthouse/for_rent/gujrat/all/233",0
"https://test1.graana.rocks/penthouse/for_rent/lalamusa/all/234",0
"https://test1.graana.rocks/penthouse/for_rent/kharian/all/235",0
"https://test1.graana.rocks/penthouse/for_rent/wazirabad/all/236",0
"https://test1.graana.rocks/penthouse/for_rent/khanewal/all/240",0
"https://test1.graana.rocks/penthouse/for_rent/dina/all/243",0
"https://test1.graana.rocks/penthouse/for_sale/islamabad/all/1",3
"https://test1.graana.rocks/penthouse/for_sale/lahore/all/2",2
"https://test1.graana.rocks/penthouse/for_sale/rawalpindi/all/3",2
"https://test1.graana.rocks/penthouse/for_sale/taxila/all/166",0
"https://test1.graana.rocks/penthouse/for_sale/multan/all/168",0
"https://test1.graana.rocks/penthouse/for_sale/karachi/all/169",93
"https://test1.graana.rocks/penthouse/for_sale/faisalabad/all/170",0
"https://test1.graana.rocks/penthouse/for_sale/wah/all/173",0
"https://test1.graana.rocks/penthouse/for_sale/gujranwala/all/174",0
"https://test1.graana.rocks/penthouse/for_sale/peshawar/all/176",0
"https://test1.graana.rocks/penthouse/for_sale/gwadar/all/179",0
"https://test1.graana.rocks/penthouse/for_sale/hyderabad/all/183",17
"https://test1.graana.rocks/penthouse/for_sale/quetta/all/187",1
"https://test1.graana.rocks/penthouse/for_sale/sialkot/all/190",0
"https://test1.graana.rocks/penthouse/for_sale/jhelum/all/193",0
"https://test1.graana.rocks/penthouse/for_sale/sukkur/all/207",7
"https://test1.graana.rocks/penthouse/for_sale/gujrat/all/233",0
"https://test1.graana.rocks/penthouse/for_sale/lalamusa/all/234",0
"https://test1.graana.rocks/penthouse/for_sale/kharian/all/235",0
"https://test1.graana.rocks/penthouse/for_sale/wazirabad/all/236",0
"https://test1.graana.rocks/penthouse/for_sale/khanewal/all/240",0
"https://test1.graana.rocks/penthouse/for_sale/dina/all/243",0
"https://test1.graana.rocks/hotel-suites/for_rent/islamabad/all/1",0
"https://test1.graana.rocks/hotel-suites/for_rent/lahore/all/2",0
"https://test1.graana.rocks/hotel-suites/for_rent/rawalpindi/all/3",0
"https://test1.graana.rocks/hotel-suites/for_rent/taxila/all/166",0
"https://test1.graana.rocks/hotel-suites/for_rent/multan/all/168",1
"https://test1.graana.rocks/hotel-suites/for_rent/karachi/all/169",2
"https://test1.graana.rocks/hotel-suites/for_rent/faisalabad/all/170",0
"https://test1.graana.rocks/hotel-suites/for_rent/wah/all/173",0
"https://test1.graana.rocks/hotel-suites/for_rent/gujranwala/all/174",0
"https://test1.graana.rocks/hotel-suites/for_rent/peshawar/all/176",0
"https://test1.graana.rocks/hotel-suites/for_rent/gwadar/all/179",0
"https://test1.graana.rocks/hotel-suites/for_rent/hyderabad/all/183",0
"https://test1.graana.rocks/hotel-suites/for_rent/quetta/all/187",0
"https://test1.graana.rocks/hotel-suites/for_rent/sialkot/all/190",0
"https://test1.graana.rocks/hotel-suites/for_rent/jhelum/all/193",0
"https://test1.graana.rocks/hotel-suites/for_rent/sukkur/all/207",0
"https://test1.graana.rocks/hotel-suites/for_rent/gujrat/all/233",0
"https://test1.graana.rocks/hotel-suites/for_rent/lalamusa/all/234",0
"https://test1.graana.rocks/hotel-suites/for_rent/kharian/all/235",0
"https://test1.graana.rocks/hotel-suites/for_rent/wazirabad/all/236",0
"https://test1.graana.rocks/hotel-suites/for_rent/khanewal/all/240",0
"https://test1.graana.rocks/hotel-suites/for_rent/dina/all/243",0
"https://test1.graana.rocks/hotel-suites/for_sale/islamabad/all/1",1
"https://test1.graana.rocks/hotel-suites/for_sale/lahore/all/2",5
"https://test1.graana.rocks/hotel-suites/for_sale/rawalpindi/all/3",1
"https://test1.graana.rocks/hotel-suites/for_sale/taxila/all/166",0
"https://test1.graana.rocks/hotel-suites/for_sale/multan/all/168",0
"https://test1.graana.rocks/hotel-suites/for_sale/karachi/all/169",0
"https://test1.graana.rocks/hotel-suites/for_sale/faisalabad/all/170",0
"https://test1.graana.rocks/hotel-suites/for_sale/wah/all/173",0
"https://test1.graana.rocks/hotel-suites/for_sale/gujranwala/all/174",0
"https://test1.graana.rocks/hotel-suites/for_sale/peshawar/all/176",0
"https://test1.graana.rocks/hotel-suites/for_sale/gwadar/all/179",0
"https://test1.graana.rocks/hotel-suites/for_sale/hyderabad/all/183",0
"https://test1.graana.rocks/hotel-suites/for_sale/quetta/all/187",0
"https://test1.graana.rocks/hotel-suites/for_sale/sialkot/all/190",0
"https://test1.graana.rocks/hotel-suites/for_sale/jhelum/all/193",0
"https://test1.graana.rocks/hotel-suites/for_sale/sukkur/all/207",0
"https://test1.graana.rocks/hotel-suites/for_sale/gujrat/all/233",0
"https://test1.graana.rocks/hotel-suites/for_sale/lalamusa/all/234",0
"https://test1.graana.rocks/hotel-suites/for_sale/kharian/all/235",0
"https://test1.graana.rocks/hotel-suites/for_sale/wazirabad/all/236",0
"https://test1.graana.rocks/hotel-suites/for_sale/khanewal/all/240",0
"https://test1.graana.rocks/hotel-suites/for_sale/dina/all/243",0
"https://test1.graana.rocks/basement/for_rent/islamabad/all/1",58
"https://test1.graana.rocks/basement/for_rent/lahore/all/2",8
"https://test1.graana.rocks/basement/for_rent/rawalpindi/all/3",2
"https://test1.graana.rocks/basement/for_rent/taxila/all/166",0
"https://test1.graana.rocks/basement/for_rent/multan/all/168",0
"https://test1.graana.rocks/basement/for_rent/karachi/all/169",1
"https://test1.graana.rocks/basement/for_rent/faisalabad/all/170",0
"https://test1.graana.rocks/basement/for_rent/wah/all/173",0
"https://test1.graana.rocks/basement/for_rent/gujranwala/all/174",0
"https://test1.graana.rocks/basement/for_rent/peshawar/all/176",0
"https://test1.graana.rocks/basement/for_rent/gwadar/all/179",0
"https://test1.graana.rocks/basement/for_rent/hyderabad/all/183",0
"https://test1.graana.rocks/basement/for_rent/quetta/all/187",0
"https://test1.graana.rocks/basement/for_rent/sialkot/all/190",0
"https://test1.graana.rocks/basement/for_rent/jhelum/all/193",0
"https://test1.graana.rocks/basement/for_rent/sukkur/all/207",0
"https://test1.graana.rocks/basement/for_rent/gujrat/all/233",0
"https://test1.graana.rocks/basement/for_rent/lalamusa/all/234",0
"https://test1.graana.rocks/basement/for_rent/kharian/all/235",0
"https://test1.graana.rocks/basement/for_rent/wazirabad/all/236",0
"https://test1.graana.rocks/basement/for_rent/khanewal/all/240",0
"https://test1.graana.rocks/basement/for_rent/dina/all/243",0
"https://test1.graana.rocks/basement/for_sale/islamabad/all/1",1
"https://test1.graana.rocks/basement/for_sale/lahore/all/2",0
"https://test1.graana.rocks/basement/for_sale/rawalpindi/all/3",0
"https://test1.graana.rocks/basement/for_sale/taxila/all/166",0
"https://test1.graana.rocks/basement/for_sale/multan/all/168",0
"https://test1.graana.rocks/basement/for_sale/karachi/all/169",1
"https://test1.graana.rocks/basement/for_sale/faisalabad/all/170",0
"https://test1.graana.rocks/basement/for_sale/wah/all/173",0
"https://test1.graana.rocks/basement/for_sale/gujranwala/all/174",0
"https://test1.graana.rocks/basement/for_sale/peshawar/all/176",0
"https://test1.graana.rocks/basement/for_sale/gwadar/all/179",0
"https://test1.graana.rocks/basement/for_sale/hyderabad/all/183",1
"https://test1.graana.rocks/basement/for_sale/quetta/all/187",0
"https://test1.graana.rocks/basement/for_sale/sialkot/all/190",0
"https://test1.graana.rocks/basement/for_sale/jhelum/all/193",0
"https://test1.graana.rocks/basement/for_sale/sukkur/all/207",0
"https://test1.graana.rocks/basement/for_sale/gujrat/all/233",0
"https://test1.graana.rocks/basement/for_sale/lalamusa/all/234",0
"https://test1.graana.rocks/basement/for_sale/kharian/all/235",0
"https://test1.graana.rocks/basement/for_sale/wazirabad/all/236",0
"https://test1.graana.rocks/basement/for_sale/khanewal/all/240",0
"https://test1.graana.rocks/basement/for_sale/dina/all/243",0
"https://test1.graana.rocks/annexe/for_rent/islamabad/all/1",6
"https://test1.graana.rocks/annexe/for_rent/lahore/all/2",1
"https://test1.graana.rocks/annexe/for_rent/rawalpindi/all/3",1
"https://test1.graana.rocks/annexe/for_rent/taxila/all/166",0
"https://test1.graana.rocks/annexe/for_rent/multan/all/168",0
"https://test1.graana.rocks/annexe/for_rent/karachi/all/169",1
"https://test1.graana.rocks/annexe/for_rent/faisalabad/all/170",0
"https://test1.graana.rocks/annexe/for_rent/wah/all/173",0
"https://test1.graana.rocks/annexe/for_rent/gujranwala/all/174",0
"https://test1.graana.rocks/annexe/for_rent/peshawar/all/176",0
"https://test1.graana.rocks/annexe/for_rent/gwadar/all/179",0
"https://test1.graana.rocks/annexe/for_rent/hyderabad/all/183",0
"https://test1.graana.rocks/annexe/for_rent/quetta/all/187",0
"https://test1.graana.rocks/annexe/for_rent/sialkot/all/190",0
"https://test1.graana.rocks/annexe/for_rent/jhelum/all/193",0
"https://test1.graana.rocks/annexe/for_rent/sukkur/all/207",0
"https://test1.graana.rocks/annexe/for_rent/gujrat/all/233",0
"https://test1.graana.rocks/annexe/for_rent/lalamusa/all/234",0
"https://test1.graana.rocks/annexe/for_rent/kharian/all/235",0
"https://test1.graana.rocks/annexe/for_rent/wazirabad/all/236",0
"https://test1.graana.rocks/annexe/for_rent/khanewal/all/240",0
"https://test1.graana.rocks/annexe/for_rent/dina/all/243",0
"https://test1.graana.rocks/annexe/for_sale/islamabad/all/1",0
"https://test1.graana.rocks/annexe/for_sale/lahore/all/2",0
"https://test1.graana.rocks/annexe/for_sale/rawalpindi/all/3",0
"https://test1.graana.rocks/annexe/for_sale/taxila/all/166",0
"https://test1.graana.rocks/annexe/for_sale/multan/all/168",0
"https://test1.graana.rocks/annexe/for_sale/karachi/all/169",0
"https://test1.graana.rocks/annexe/for_sale/faisalabad/all/170",0
"https://test1.graana.rocks/annexe/for_sale/wah/all/173",0
"https://test1.graana.rocks/annexe/for_sale/gujranwala/all/174",0
"https://test1.graana.rocks/annexe/for_sale/peshawar/all/176",0
"https://test1.graana.rocks/annexe/for_sale/gwadar/all/179",0
"https://test1.graana.rocks/annexe/for_sale/hyderabad/all/183",0
"https://test1.graana.rocks/annexe/for_sale/quetta/all/187",0
"https://test1.graana.rocks/annexe/for_sale/sialkot/all/190",0
"https://test1.graana.rocks/annexe/for_sale/jhelum/all/193",0
"https://test1.graana.rocks/annexe/for_sale/sukkur/all/207",0
"https://test1.graana.rocks/annexe/for_sale/gujrat/all/233",0
"https://test1.graana.rocks/annexe/for_sale/lalamusa/all/234",0
"https://test1.graana.rocks/annexe/for_sale/kharian/all/235",0
"https://test1.graana.rocks/annexe/for_sale/wazirabad/all/236",0
"https://test1.graana.rocks/annexe/for_sale/khanewal/all/240",0
"https://test1.graana.rocks/annexe/for_sale/dina/all/243",0
"https://test1.graana.rocks/commercial/for_rent/islamabad/all/1",720
"https://test1.graana.rocks/commercial/for_rent/lahore/all/2",383
"https://test1.graana.rocks/commercial/for_rent/rawalpindi/all/3",398
"https://test1.graana.rocks/commercial/for_rent/taxila/all/166",0
"https://test1.graana.rocks/commercial/for_rent/multan/all/168",1399
"https://test1.graana.rocks/commercial/for_rent/karachi/all/169",1243
"https://test1.graana.rocks/commercial/for_rent/faisalabad/all/170",1272
"https://test1.graana.rocks/commercial/for_rent/wah/all/173",10
"https://test1.graana.rocks/commercial/for_rent/gujranwala/all/174",11
"https://test1.graana.rocks/commercial/for_rent/peshawar/all/176",162
"https://test1.graana.rocks/commercial/for_rent/gwadar/all/179",0
"https://test1.graana.rocks/commercial/for_rent/hyderabad/all/183",99
"https://test1.graana.rocks/commercial/for_rent/quetta/all/187",34
"https://test1.graana.rocks/commercial/for_rent/sialkot/all/190",21
"https://test1.graana.rocks/commercial/for_rent/jhelum/all/193",63
"https://test1.graana.rocks/commercial/for_rent/sukkur/all/207",149
"https://test1.graana.rocks/commercial/for_rent/gujrat/all/233",90
"https://test1.graana.rocks/commercial/for_rent/lalamusa/all/234",0
"https://test1.graana.rocks/commercial/for_rent/kharian/all/235",0
"https://test1.graana.rocks/commercial/for_rent/wazirabad/all/236",1
"https://test1.graana.rocks/commercial/for_rent/khanewal/all/240",0
"https://test1.graana.rocks/commercial/for_rent/dina/all/243",0
"https://test1.graana.rocks/commercial/for_sale/islamabad/all/1",422
"https://test1.graana.rocks/commercial/for_sale/lahore/all/2",180
"https://test1.graana.rocks/commercial/for_sale/rawalpindi/all/3",215
"https://test1.graana.rocks/commercial/for_sale/taxila/all/166",2
"https://test1.graana.rocks/commercial/for_sale/multan/all/168",2423
"https://test1.graana.rocks/commercial/for_sale/karachi/all/169",1478
"https://test1.graana.rocks/commercial/for_sale/faisalabad/all/170",1201
"https://test1.graana.rocks/commercial/for_sale/wah/all/173",26
"https://test1.graana.rocks/commercial/for_sale/gujranwala/all/174",18
"https://test1.graana.rocks/commercial/for_sale/peshawar/all/176",13
"https://test1.graana.rocks/commercial/for_sale/gwadar/all/179",10
"https://test1.graana.rocks/commercial/for_sale/hyderabad/all/183",167
"https://test1.graana.rocks/commercial/for_sale/quetta/all/187",191
"https://test1.graana.rocks/commercial/for_sale/sialkot/all/190",21
"https://test1.graana.rocks/commercial/for_sale/jhelum/all/193",29
"https://test1.graana.rocks/commercial/for_sale/sukkur/all/207",163
"https://test1.graana.rocks/commercial/for_sale/gujrat/all/233",74
"https://test1.graana.rocks/commercial/for_sale/lalamusa/all/234",1
"https://test1.graana.rocks/commercial/for_sale/kharian/all/235",0
"https://test1.graana.rocks/commercial/for_sale/wazirabad/all/236",0
"https://test1.graana.rocks/commercial/for_sale/khanewal/all/240",0
"https://test1.graana.rocks/commercial/for_sale/dina/all/243",0
"https://test1.graana.rocks/office/for_rent/islamabad/all/1",88
"https://test1.graana.rocks/office/for_rent/lahore/all/2",99
"https://test1.graana.rocks/office/for_rent/rawalpindi/all/3",34
"https://test1.graana.rocks/office/for_rent/taxila/all/166",0
"https://test1.graana.rocks/office/for_rent/multan/all/168",3
"https://test1.graana.rocks/office/for_rent/karachi/all/169",791
"https://test1.graana.rocks/office/for_rent/faisalabad/all/170",42
"https://test1.graana.rocks/office/for_rent/wah/all/173",0
"https://test1.graana.rocks/office/for_rent/gujranwala/all/174",0
"https://test1.graana.rocks/office/for_rent/peshawar/all/176",10
"https://test1.graana.rocks/office/for_rent/gwadar/all/179",0
"https://test1.graana.rocks/office/for_rent/hyderabad/all/183",24
"https://test1.graana.rocks/office/for_rent/quetta/all/187",10
"https://test1.graana.rocks/office/for_rent/sialkot/all/190",0
"https://test1.graana.rocks/office/for_rent/jhelum/all/193",2
"https://test1.graana.rocks/office/for_rent/sukkur/all/207",18
"https://test1.graana.rocks/office/for_rent/gujrat/all/233",1
"https://test1.graana.rocks/office/for_rent/lalamusa/all/234",0
"https://test1.graana.rocks/office/for_rent/kharian/all/235",0
"https://test1.graana.rocks/office/for_rent/wazirabad/all/236",0
"https://test1.graana.rocks/office/for_rent/khanewal/all/240",0
"https://test1.graana.rocks/office/for_rent/dina/all/243",0
"https://test1.graana.rocks/office/for_sale/islamabad/all/1",38
"https://test1.graana.rocks/office/for_sale/lahore/all/2",10
"https://test1.graana.rocks/office/for_sale/rawalpindi/all/3",11
"https://test1.graana.rocks/office/for_sale/taxila/all/166",0
"https://test1.graana.rocks/office/for_sale/multan/all/168",2
"https://test1.graana.rocks/office/for_sale/karachi/all/169",715
"https://test1.graana.rocks/office/for_sale/faisalabad/all/170",50
"https://test1.graana.rocks/office/for_sale/wah/all/173",0
"https://test1.graana.rocks/office/for_sale/gujranwala/all/174",0
"https://test1.graana.rocks/office/for_sale/peshawar/all/176",2
"https://test1.graana.rocks/office/for_sale/gwadar/all/179",0
"https://test1.graana.rocks/office/for_sale/hyderabad/all/183",23
"https://test1.graana.rocks/office/for_sale/quetta/all/187",2
"https://test1.graana.rocks/office/for_sale/sialkot/all/190",0
"https://test1.graana.rocks/office/for_sale/jhelum/all/193",0
"https://test1.graana.rocks/office/for_sale/sukkur/all/207",11
"https://test1.graana.rocks/office/for_sale/gujrat/all/233",7
"https://test1.graana.rocks/office/for_sale/lalamusa/all/234",0
"https://test1.graana.rocks/office/for_sale/kharian/all/235",0
"https://test1.graana.rocks/office/for_sale/wazirabad/all/236",0
"https://test1.graana.rocks/office/for_sale/khanewal/all/240",0
"https://test1.graana.rocks/office/for_sale/dina/all/243",0
"https://test1.graana.rocks/shop/for_rent/islamabad/all/1",456
"https://test1.graana.rocks/shop/for_rent/lahore/all/2",75
"https://test1.graana.rocks/shop/for_rent/rawalpindi/all/3",279
"https://test1.graana.rocks/shop/for_rent/taxila/all/166",0
"https://test1.graana.rocks/shop/for_rent/multan/all/168",1337
"https://test1.graana.rocks/shop/for_rent/karachi/all/169",302
"https://test1.graana.rocks/shop/for_rent/faisalabad/all/170",1162
"https://test1.graana.rocks/shop/for_rent/wah/all/173",10
"https://test1.graana.rocks/shop/for_rent/gujranwala/all/174",2
"https://test1.graana.rocks/shop/for_rent/peshawar/all/176",146
"https://test1.graana.rocks/shop/for_rent/gwadar/all/179",0
"https://test1.graana.rocks/shop/for_rent/hyderabad/all/183",56
"https://test1.graana.rocks/shop/for_rent/quetta/all/187",8
"https://test1.graana.rocks/shop/for_rent/sialkot/all/190",3
"https://test1.graana.rocks/shop/for_rent/jhelum/all/193",30
"https://test1.graana.rocks/shop/for_rent/sukkur/all/207",90
"https://test1.graana.rocks/shop/for_rent/gujrat/all/233",78
"https://test1.graana.rocks/shop/for_rent/lalamusa/all/234",0
"https://test1.graana.rocks/shop/for_rent/kharian/all/235",0
"https://test1.graana.rocks/shop/for_rent/wazirabad/all/236",1
"https://test1.graana.rocks/shop/for_rent/khanewal/all/240",0
"https://test1.graana.rocks/shop/for_rent/dina/all/243",0
"https://test1.graana.rocks/shop/for_sale/islamabad/all/1",323
"https://test1.graana.rocks/shop/for_sale/lahore/all/2",71
"https://test1.graana.rocks/shop/for_sale/rawalpindi/all/3",167
"https://test1.graana.rocks/shop/for_sale/taxila/all/166",1
"https://test1.graana.rocks/shop/for_sale/multan/all/168",2344
"https://test1.graana.rocks/shop/for_sale/karachi/all/169",644
"https://test1.graana.rocks/shop/for_sale/faisalabad/all/170",1130
"https://test1.graana.rocks/shop/for_sale/wah/all/173",24
"https://test1.graana.rocks/shop/for_sale/gujranwala/all/174",6
"https://test1.graana.rocks/shop/for_sale/peshawar/all/176",3
"https://test1.graana.rocks/shop/for_sale/gwadar/all/179",0
"https://test1.graana.rocks/shop/for_sale/hyderabad/all/183",132
"https://test1.graana.rocks/shop/for_sale/quetta/all/187",163
"https://test1.graana.rocks/shop/for_sale/sialkot/all/190",8
"https://test1.graana.rocks/shop/for_sale/jhelum/all/193",16
"https://test1.graana.rocks/shop/for_sale/sukkur/all/207",133
"https://test1.graana.rocks/shop/for_sale/gujrat/all/233",58
"https://test1.graana.rocks/shop/for_sale/lalamusa/all/234",0
"https://test1.graana.rocks/shop/for_sale/kharian/all/235",0
"https://test1.graana.rocks/shop/for_sale/wazirabad/all/236",0
"https://test1.graana.rocks/shop/for_sale/khanewal/all/240",0
"https://test1.graana.rocks/shop/for_sale/dina/all/243",0
"https://test1.graana.rocks/warehouse/for_rent/islamabad/all/1",6
"https://test1.graana.rocks/warehouse/for_rent/lahore/all/2",15
"https://test1.graana.rocks/warehouse/for_rent/rawalpindi/all/3",1
"https://test1.graana.rocks/warehouse/for_rent/taxila/all/166",0
"https://test1.graana.rocks/warehouse/for_rent/multan/all/168",2
"https://test1.graana.rocks/warehouse/for_rent/karachi/all/169",39
"https://test1.graana.rocks/warehouse/for_rent/faisalabad/all/170",2
"https://test1.graana.rocks/warehouse/for_rent/wah/all/173",0
"https://test1.graana.rocks/warehouse/for_rent/gujranwala/all/174",0
"https://test1.graana.rocks/warehouse/for_rent/peshawar/all/176",0
"https://test1.graana.rocks/warehouse/for_rent/gwadar/all/179",0
"https://test1.graana.rocks/warehouse/for_rent/hyderabad/all/183",7
"https://test1.graana.rocks/warehouse/for_rent/quetta/all/187",10
"https://test1.graana.rocks/warehouse/for_rent/sialkot/all/190",0
"https://test1.graana.rocks/warehouse/for_rent/jhelum/all/193",1
"https://test1.graana.rocks/warehouse/for_rent/sukkur/all/207",34
"https://test1.graana.rocks/warehouse/for_rent/gujrat/all/233",0
"https://test1.graana.rocks/warehouse/for_rent/lalamusa/all/234",0
"https://test1.graana.rocks/warehouse/for_rent/kharian/all/235",0
"https://test1.graana.rocks/warehouse/for_rent/wazirabad/all/236",0
"https://test1.graana.rocks/warehouse/for_rent/khanewal/all/240",0
"https://test1.graana.rocks/warehouse/for_rent/dina/all/243",0
"https://test1.graana.rocks/warehouse/for_sale/islamabad/all/1",0
"https://test1.graana.rocks/warehouse/for_sale/lahore/all/2",2
"https://test1.graana.rocks/warehouse/for_sale/rawalpindi/all/3",1
"https://test1.graana.rocks/warehouse/for_sale/taxila/all/166",0
"https://test1.graana.rocks/warehouse/for_sale/multan/all/168",5
"https://test1.graana.rocks/warehouse/for_sale/karachi/all/169",6
"https://test1.graana.rocks/warehouse/for_sale/faisalabad/all/170",1
"https://test1.graana.rocks/warehouse/for_sale/wah/all/173",0
"https://test1.graana.rocks/warehouse/for_sale/gujranwala/all/174",2
"https://test1.graana.rocks/warehouse/for_sale/peshawar/all/176",0
"https://test1.graana.rocks/warehouse/for_sale/gwadar/all/179",1
"https://test1.graana.rocks/warehouse/for_sale/hyderabad/all/183",1
"https://test1.graana.rocks/warehouse/for_sale/quetta/all/187",1
"https://test1.graana.rocks/warehouse/for_sale/sialkot/all/190",0
"https://test1.graana.rocks/warehouse/for_sale/jhelum/all/193",0
"https://test1.graana.rocks/warehouse/for_sale/sukkur/all/207",3
"https://test1.graana.rocks/warehouse/for_sale/gujrat/all/233",0
"https://test1.graana.rocks/warehouse/for_sale/lalamusa/all/234",1
"https://test1.graana.rocks/warehouse/for_sale/kharian/all/235",0
"https://test1.graana.rocks/warehouse/for_sale/wazirabad/all/236",0
"https://test1.graana.rocks/warehouse/for_sale/khanewal/all/240",0
"https://test1.graana.rocks/warehouse/for_sale/dina/all/243",0
"https://test1.graana.rocks/factory/for_rent/islamabad/all/1",0
"https://test1.graana.rocks/factory/for_rent/lahore/all/2",9
"https://test1.graana.rocks/factory/for_rent/rawalpindi/all/3",0
"https://test1.graana.rocks/factory/for_rent/taxila/all/166",0
"https://test1.graana.rocks/factory/for_rent/multan/all/168",0
"https://test1.graana.rocks/factory/for_rent/karachi/all/169",6
"https://test1.graana.rocks/factory/for_rent/faisalabad/all/170",1
"https://test1.graana.rocks/factory/for_rent/wah/all/173",0
"https://test1.graana.rocks/factory/for_rent/gujranwala/all/174",1
"https://test1.graana.rocks/factory/for_rent/peshawar/all/176",0
"https://test1.graana.rocks/factory/for_rent/gwadar/all/179",0
"https://test1.graana.rocks/factory/for_rent/hyderabad/all/183",0
"https://test1.graana.rocks/factory/for_rent/quetta/all/187",0
"https://test1.graana.rocks/factory/for_rent/sialkot/all/190",6
"https://test1.graana.rocks/factory/for_rent/jhelum/all/193",0
"https://test1.graana.rocks/factory/for_rent/sukkur/all/207",1
"https://test1.graana.rocks/factory/for_rent/gujrat/all/233",0
"https://test1.graana.rocks/factory/for_rent/lalamusa/all/234",0
"https://test1.graana.rocks/factory/for_rent/kharian/all/235",0
"https://test1.graana.rocks/factory/for_rent/wazirabad/all/236",0
"https://test1.graana.rocks/factory/for_rent/khanewal/all/240",0
"https://test1.graana.rocks/factory/for_rent/dina/all/243",0
"https://test1.graana.rocks/factory/for_sale/islamabad/all/1",2
"https://test1.graana.rocks/factory/for_sale/lahore/all/2",10
"https://test1.graana.rocks/factory/for_sale/rawalpindi/all/3",0
"https://test1.graana.rocks/factory/for_sale/taxila/all/166",0
"https://test1.graana.rocks/factory/for_sale/multan/all/168",0
"https://test1.graana.rocks/factory/for_sale/karachi/all/169",3
"https://test1.graana.rocks/factory/for_sale/faisalabad/all/170",2
"https://test1.graana.rocks/factory/for_sale/wah/all/173",0
"https://test1.graana.rocks/factory/for_sale/gujranwala/all/174",2
"https://test1.graana.rocks/factory/for_sale/peshawar/all/176",0
"https://test1.graana.rocks/factory/for_sale/gwadar/all/179",0
"https://test1.graana.rocks/factory/for_sale/hyderabad/all/183",1
"https://test1.graana.rocks/factory/for_sale/quetta/all/187",0
"https://test1.graana.rocks/factory/for_sale/sialkot/all/190",3
"https://test1.graana.rocks/factory/for_sale/jhelum/all/193",0
"https://test1.graana.rocks/factory/for_sale/sukkur/all/207",1
"https://test1.graana.rocks/factory/for_sale/gujrat/all/233",0
"https://test1.graana.rocks/factory/for_sale/lalamusa/all/234",0
"https://test1.graana.rocks/factory/for_sale/kharian/all/235",0
"https://test1.graana.rocks/factory/for_sale/wazirabad/all/236",0
"https://test1.graana.rocks/factory/for_sale/khanewal/all/240",0
"https://test1.graana.rocks/factory/for_sale/dina/all/243",0
"https://test1.graana.rocks/building/for_rent/islamabad/all/1",9
"https://test1.graana.rocks/building/for_rent/lahore/all/2",40
"https://test1.graana.rocks/building/for_rent/rawalpindi/all/3",6
"https://test1.graana.rocks/building/for_rent/taxila/all/166",0
"https://test1.graana.rocks/building/for_rent/multan/all/168",4
"https://test1.graana.rocks/building/for_rent/karachi/all/169",77
"https://test1.graana.rocks/building/for_rent/faisalabad/all/170",12
"https://test1.graana.rocks/building/for_rent/wah/all/173",0
"https://test1.graana.rocks/building/for_rent/gujranwala/all/174",3
"https://test1.graana.rocks/building/for_rent/peshawar/all/176",3
"https://test1.graana.rocks/building/for_rent/gwadar/all/179",0
"https://test1.graana.rocks/building/for_rent/hyderabad/all/183",2
"https://test1.graana.rocks/building/for_rent/quetta/all/187",2
"https://test1.graana.rocks/building/for_rent/sialkot/all/190",7
"https://test1.graana.rocks/building/for_rent/jhelum/all/193",6
"https://test1.graana.rocks/building/for_rent/sukkur/all/207",1
"https://test1.graana.rocks/building/for_rent/gujrat/all/233",1
"https://test1.graana.rocks/building/for_rent/lalamusa/all/234",0
"https://test1.graana.rocks/building/for_rent/kharian/all/235",0
"https://test1.graana.rocks/building/for_rent/wazirabad/all/236",0
"https://test1.graana.rocks/building/for_rent/khanewal/all/240",0
"https://test1.graana.rocks/building/for_rent/dina/all/243",0
"https://test1.graana.rocks/building/for_sale/islamabad/all/1",9
"https://test1.graana.rocks/building/for_sale/lahore/all/2",55
"https://test1.graana.rocks/building/for_sale/rawalpindi/all/3",10
"https://test1.graana.rocks/building/for_sale/taxila/all/166",0
"https://test1.graana.rocks/building/for_sale/multan/all/168",45
"https://test1.graana.rocks/building/for_sale/karachi/all/169",78
"https://test1.graana.rocks/building/for_sale/faisalabad/all/170",12
"https://test1.graana.rocks/building/for_sale/wah/all/173",0
"https://test1.graana.rocks/building/for_sale/gujranwala/all/174",8
"https://test1.graana.rocks/building/for_sale/peshawar/all/176",0
"https://test1.graana.rocks/building/for_sale/gwadar/all/179",0
"https://test1.graana.rocks/building/for_sale/hyderabad/all/183",3
"https://test1.graana.rocks/building/for_sale/quetta/all/187",3
"https://test1.graana.rocks/building/for_sale/sialkot/all/190",4
"https://test1.graana.rocks/building/for_sale/jhelum/all/193",9
"https://test1.graana.rocks/building/for_sale/sukkur/all/207",2
"https://test1.graana.rocks/building/for_sale/gujrat/all/233",4
"https://test1.graana.rocks/building/for_sale/lalamusa/all/234",0
"https://test1.graana.rocks/building/for_sale/kharian/all/235",0
"https://test1.graana.rocks/building/for_sale/wazirabad/all/236",0
"https://test1.graana.rocks/building/for_sale/khanewal/all/240",0
"https://test1.graana.rocks/building/for_sale/dina/all/243",0
"https://test1.graana.rocks/gym/for_rent/islamabad/all/1",0
"https://test1.graana.rocks/gym/for_rent/lahore/all/2",0
"https://test1.graana.rocks/gym/for_rent/rawalpindi/all/3",0
"https://test1.graana.rocks/gym/for_rent/taxila/all/166",0
"https://test1.graana.rocks/gym/for_rent/multan/all/168",0
"https://test1.graana.rocks/gym/for_rent/karachi/all/169",0
"https://test1.graana.rocks/gym/for_rent/faisalabad/all/170",0
"https://test1.graana.rocks/gym/for_rent/wah/all/173",0
"https://test1.graana.rocks/gym/for_rent/gujranwala/all/174",0
"https://test1.graana.rocks/gym/for_rent/peshawar/all/176",0
"https://test1.graana.rocks/gym/for_rent/gwadar/all/179",0
"https://test1.graana.rocks/gym/for_rent/hyderabad/all/183",0
"https://test1.graana.rocks/gym/for_rent/quetta/all/187",0
"https://test1.graana.rocks/gym/for_rent/sialkot/all/190",0
"https://test1.graana.rocks/gym/for_rent/jhelum/all/193",0
"https://test1.graana.rocks/gym/for_rent/sukkur/all/207",0
"https://test1.graana.rocks/gym/for_rent/gujrat/all/233",0
"https://test1.graana.rocks/gym/for_rent/lalamusa/all/234",0
"https://test1.graana.rocks/gym/for_rent/kharian/all/235",0
"https://test1.graana.rocks/gym/for_rent/wazirabad/all/236",0
"https://test1.graana.rocks/gym/for_rent/khanewal/all/240",0
"https://test1.graana.rocks/gym/for_rent/dina/all/243",0
"https://test1.graana.rocks/gym/for_sale/islamabad/all/1",0
"https://test1.graana.rocks/gym/for_sale/lahore/all/2",1
"https://test1.graana.rocks/gym/for_sale/rawalpindi/all/3",1
"https://test1.graana.rocks/gym/for_sale/taxila/all/166",1
"https://test1.graana.rocks/gym/for_sale/multan/all/168",0
"https://test1.graana.rocks/gym/for_sale/karachi/all/169",0
"https://test1.graana.rocks/gym/for_sale/faisalabad/all/170",0
"https://test1.graana.rocks/gym/for_sale/wah/all/173",0
"https://test1.graana.rocks/gym/for_sale/gujranwala/all/174",0
"https://test1.graana.rocks/gym/for_sale/peshawar/all/176",0
"https://test1.graana.rocks/gym/for_sale/gwadar/all/179",0
"https://test1.graana.rocks/gym/for_sale/hyderabad/all/183",0
"https://test1.graana.rocks/gym/for_sale/quetta/all/187",0
"https://test1.graana.rocks/gym/for_sale/sialkot/all/190",0
"https://test1.graana.rocks/gym/for_sale/jhelum/all/193",0
"https://test1.graana.rocks/gym/for_sale/sukkur/all/207",0
"https://test1.graana.rocks/gym/for_sale/gujrat/all/233",0
"https://test1.graana.rocks/gym/for_sale/lalamusa/all/234",0
"https://test1.graana.rocks/gym/for_sale/kharian/all/235",0
"https://test1.graana.rocks/gym/for_sale/wazirabad/all/236",0
"https://test1.graana.rocks/gym/for_sale/khanewal/all/240",0
"https://test1.graana.rocks/gym/for_sale/dina/all/243",0
"https://test1.graana.rocks/theatre/for_rent/islamabad/all/1",0
"https://test1.graana.rocks/theatre/for_rent/lahore/all/2",0
"https://test1.graana.rocks/theatre/for_rent/rawalpindi/all/3",0
"https://test1.graana.rocks/theatre/for_rent/taxila/all/166",0
"https://test1.graana.rocks/theatre/for_rent/multan/all/168",0
"https://test1.graana.rocks/theatre/for_rent/karachi/all/169",0
"https://test1.graana.rocks/theatre/for_rent/faisalabad/all/170",0
"https://test1.graana.rocks/theatre/for_rent/wah/all/173",0
"https://test1.graana.rocks/theatre/for_rent/gujranwala/all/174",0
"https://test1.graana.rocks/theatre/for_rent/peshawar/all/176",0
"https://test1.graana.rocks/theatre/for_rent/gwadar/all/179",0
"https://test1.graana.rocks/theatre/for_rent/hyderabad/all/183",0
"https://test1.graana.rocks/theatre/for_rent/quetta/all/187",0
"https://test1.graana.rocks/theatre/for_rent/sialkot/all/190",0
"https://test1.graana.rocks/theatre/for_rent/jhelum/all/193",0
"https://test1.graana.rocks/theatre/for_rent/sukkur/all/207",0
"https://test1.graana.rocks/theatre/for_rent/gujrat/all/233",0
"https://test1.graana.rocks/theatre/for_rent/lalamusa/all/234",0
"https://test1.graana.rocks/theatre/for_rent/kharian/all/235",0
"https://test1.graana.rocks/theatre/for_rent/wazirabad/all/236",0
"https://test1.graana.rocks/theatre/for_rent/khanewal/all/240",0
"https://test1.graana.rocks/theatre/for_rent/dina/all/243",0
"https://test1.graana.rocks/theatre/for_sale/islamabad/all/1",0
"https://test1.graana.rocks/theatre/for_sale/lahore/all/2",1
"https://test1.graana.rocks/theatre/for_sale/rawalpindi/all/3",0
"https://test1.graana.rocks/theatre/for_sale/taxila/all/166",0
"https://test1.graana.rocks/theatre/for_sale/multan/all/168",0
"https://test1.graana.rocks/theatre/for_sale/karachi/all/169",0
"https://test1.graana.rocks/theatre/for_sale/faisalabad/all/170",0
"https://test1.graana.rocks/theatre/for_sale/wah/all/173",0
"https://test1.graana.rocks/theatre/for_sale/gujranwala/all/174",0
"https://test1.graana.rocks/theatre/for_sale/peshawar/all/176",0
"https://test1.graana.rocks/theatre/for_sale/gwadar/all/179",0
"https://test1.graana.rocks/theatre/for_sale/hyderabad/all/183",0
"https://test1.graana.rocks/theatre/for_sale/quetta/all/187",0
"https://test1.graana.rocks/theatre/for_sale/sialkot/all/190",0
"https://test1.graana.rocks/theatre/for_sale/jhelum/all/193",0
"https://test1.graana.rocks/theatre/for_sale/sukkur/all/207",0
"https://test1.graana.rocks/theatre/for_sale/gujrat/all/233",0
"https://test1.graana.rocks/theatre/for_sale/lalamusa/all/234",0
"https://test1.graana.rocks/theatre/for_sale/kharian/all/235",0
"https://test1.graana.rocks/theatre/for_sale/wazirabad/all/236",0
"https://test1.graana.rocks/theatre/for_sale/khanewal/all/240",0
"https://test1.graana.rocks/theatre/for_sale/dina/all/243",0
"https://test1.graana.rocks/food-court/for_rent/islamabad/all/1",0
"https://test1.graana.rocks/food-court/for_rent/lahore/all/2",0
"https://test1.graana.rocks/food-court/for_rent/rawalpindi/all/3",1
"https://test1.graana.rocks/food-court/for_rent/taxila/all/166",0
"https://test1.graana.rocks/food-court/for_rent/multan/all/168",0
"https://test1.graana.rocks/food-court/for_rent/karachi/all/169",3
"https://test1.graana.rocks/food-court/for_rent/faisalabad/all/170",0
"https://test1.graana.rocks/food-court/for_rent/wah/all/173",0
"https://test1.graana.rocks/food-court/for_rent/gujranwala/all/174",0
"https://test1.graana.rocks/food-court/for_rent/peshawar/all/176",0
"https://test1.graana.rocks/food-court/for_rent/gwadar/all/179",0
"https://test1.graana.rocks/food-court/for_rent/hyderabad/all/183",0
"https://test1.graana.rocks/food-court/for_rent/quetta/all/187",0
"https://test1.graana.rocks/food-court/for_rent/sialkot/all/190",0
"https://test1.graana.rocks/food-court/for_rent/jhelum/all/193",0
"https://test1.graana.rocks/food-court/for_rent/sukkur/all/207",0
"https://test1.graana.rocks/food-court/for_rent/gujrat/all/233",0
"https://test1.graana.rocks/food-court/for_rent/lalamusa/all/234",0
"https://test1.graana.rocks/food-court/for_rent/kharian/all/235",0
"https://test1.graana.rocks/food-court/for_rent/wazirabad/all/236",0
"https://test1.graana.rocks/food-court/for_rent/khanewal/all/240",0
"https://test1.graana.rocks/food-court/for_rent/dina/all/243",0
"https://test1.graana.rocks/food-court/for_sale/islamabad/all/1",0
"https://test1.graana.rocks/food-court/for_sale/lahore/all/2",3
"https://test1.graana.rocks/food-court/for_sale/rawalpindi/all/3",0
"https://test1.graana.rocks/food-court/for_sale/taxila/all/166",0
"https://test1.graana.rocks/food-court/for_sale/multan/all/168",1
"https://test1.graana.rocks/food-court/for_sale/karachi/all/169",1
"https://test1.graana.rocks/food-court/for_sale/faisalabad/all/170",0
"https://test1.graana.rocks/food-court/for_sale/wah/all/173",0
"https://test1.graana.rocks/food-court/for_sale/gujranwala/all/174",0
"https://test1.graana.rocks/food-court/for_sale/peshawar/all/176",0
"https://test1.graana.rocks/food-court/for_sale/gwadar/all/179",0
"https://test1.graana.rocks/food-court/for_sale/hyderabad/all/183",2
"https://test1.graana.rocks/food-court/for_sale/quetta/all/187",0
"https://test1.graana.rocks/food-court/for_sale/sialkot/all/190",0
"https://test1.graana.rocks/food-court/for_sale/jhelum/all/193",0
"https://test1.graana.rocks/food-court/for_sale/sukkur/all/207",0
"https://test1.graana.rocks/food-court/for_sale/gujrat/all/233",0
"https://test1.graana.rocks/food-court/for_sale/lalamusa/all/234",0
"https://test1.graana.rocks/food-court/for_sale/kharian/all/235",0
"https://test1.graana.rocks/food-court/for_sale/wazirabad/all/236",0
"https://test1.graana.rocks/food-court/for_sale/khanewal/all/240",0
"https://test1.graana.rocks/food-court/for_sale/dina/all/243",0
"https://test1.graana.rocks/hall/for_rent/islamabad/all/1",141
"https://test1.graana.rocks/hall/for_rent/lahore/all/2",95
"https://test1.graana.rocks/hall/for_rent/rawalpindi/all/3",71
"https://test1.graana.rocks/hall/for_rent/taxila/all/166",0
"https://test1.graana.rocks/hall/for_rent/multan/all/168",52
"https://test1.graana.rocks/hall/for_rent/karachi/all/169",9
"https://test1.graana.rocks/hall/for_rent/faisalabad/all/170",42
"https://test1.graana.rocks/hall/for_rent/wah/all/173",0
"https://test1.graana.rocks/hall/for_rent/gujranwala/all/174",4
"https://test1.graana.rocks/hall/for_rent/peshawar/all/176",2
"https://test1.graana.rocks/hall/for_rent/gwadar/all/179",0
"https://test1.graana.rocks/hall/for_rent/hyderabad/all/183",7
"https://test1.graana.rocks/hall/for_rent/quetta/all/187",0
"https://test1.graana.rocks/hall/for_rent/sialkot/all/190",1
"https://test1.graana.rocks/hall/for_rent/jhelum/all/193",22
"https://test1.graana.rocks/hall/for_rent/sukkur/all/207",4
"https://test1.graana.rocks/hall/for_rent/gujrat/all/233",8
"https://test1.graana.rocks/hall/for_rent/lalamusa/all/234",0
"https://test1.graana.rocks/hall/for_rent/kharian/all/235",0
"https://test1.graana.rocks/hall/for_rent/wazirabad/all/236",0
"https://test1.graana.rocks/hall/for_rent/khanewal/all/240",0
"https://test1.graana.rocks/hall/for_rent/dina/all/243",0
"https://test1.graana.rocks/hall/for_sale/islamabad/all/1",7
"https://test1.graana.rocks/hall/for_sale/lahore/all/2",4
"https://test1.graana.rocks/hall/for_sale/rawalpindi/all/3",3
"https://test1.graana.rocks/hall/for_sale/taxila/all/166",0
"https://test1.graana.rocks/hall/for_sale/multan/all/168",10
"https://test1.graana.rocks/hall/for_sale/karachi/all/169",3
"https://test1.graana.rocks/hall/for_sale/faisalabad/all/170",0
"https://test1.graana.rocks/hall/for_sale/wah/all/173",0
"https://test1.graana.rocks/hall/for_sale/gujranwala/all/174",0
"https://test1.graana.rocks/hall/for_sale/peshawar/all/176",0
"https://test1.graana.rocks/hall/for_sale/gwadar/all/179",0
"https://test1.graana.rocks/hall/for_sale/hyderabad/all/183",1
"https://test1.graana.rocks/hall/for_sale/quetta/all/187",0
"https://test1.graana.rocks/hall/for_sale/sialkot/all/190",3
"https://test1.graana.rocks/hall/for_sale/jhelum/all/193",0
"https://test1.graana.rocks/hall/for_sale/sukkur/all/207",4
"https://test1.graana.rocks/hall/for_sale/gujrat/all/233",1
"https://test1.graana.rocks/hall/for_sale/lalamusa/all/234",0
"https://test1.graana.rocks/hall/for_sale/kharian/all/235",0
"https://test1.graana.rocks/hall/for_sale/wazirabad/all/236",0
"https://test1.graana.rocks/hall/for_sale/khanewal/all/240",0
"https://test1.graana.rocks/hall/for_sale/dina/all/243",0
"https://test1.graana.rocks/land/for_rent/islamabad/all/1",1
"https://test1.graana.rocks/land/for_rent/lahore/all/2",2
"https://test1.graana.rocks/land/for_rent/rawalpindi/all/3",0
"https://test1.graana.rocks/land/for_rent/taxila/all/166",0
"https://test1.graana.rocks/land/for_rent/multan/all/168",0
"https://test1.graana.rocks/land/for_rent/karachi/all/169",2
"https://test1.graana.rocks/land/for_rent/faisalabad/all/170",1
"https://test1.graana.rocks/land/for_rent/wah/all/173",0
"https://test1.graana.rocks/land/for_rent/gujranwala/all/174",0
"https://test1.graana.rocks/land/for_rent/peshawar/all/176",0
"https://test1.graana.rocks/land/for_rent/gwadar/all/179",0
"https://test1.graana.rocks/land/for_rent/hyderabad/all/183",0
"https://test1.graana.rocks/land/for_rent/quetta/all/187",1
"https://test1.graana.rocks/land/for_rent/sialkot/all/190",0
"https://test1.graana.rocks/land/for_rent/jhelum/all/193",0
"https://test1.graana.rocks/land/for_rent/sukkur/all/207",1
"https://test1.graana.rocks/land/for_rent/gujrat/all/233",0
"https://test1.graana.rocks/land/for_rent/lalamusa/all/234",0
"https://test1.graana.rocks/land/for_rent/kharian/all/235",0
"https://test1.graana.rocks/land/for_rent/wazirabad/all/236",0
"https://test1.graana.rocks/land/for_rent/khanewal/all/240",0
"https://test1.graana.rocks/land/for_rent/dina/all/243",0
"https://test1.graana.rocks/land/for_sale/islamabad/all/1",7
"https://test1.graana.rocks/land/for_sale/lahore/all/2",7
"https://test1.graana.rocks/land/for_sale/rawalpindi/all/3",5
"https://test1.graana.rocks/land/for_sale/taxila/all/166",0
"https://test1.graana.rocks/land/for_sale/multan/all/168",5
"https://test1.graana.rocks/land/for_sale/karachi/all/169",22
"https://test1.graana.rocks/land/for_sale/faisalabad/all/170",3
"https://test1.graana.rocks/land/for_sale/wah/all/173",0
"https://test1.graana.rocks/land/for_sale/gujranwala/all/174",0
"https://test1.graana.rocks/land/for_sale/peshawar/all/176",0
"https://test1.graana.rocks/land/for_sale/gwadar/all/179",8
"https://test1.graana.rocks/land/for_sale/hyderabad/all/183",4
"https://test1.graana.rocks/land/for_sale/quetta/all/187",4
"https://test1.graana.rocks/land/for_sale/sialkot/all/190",0
"https://test1.graana.rocks/land/for_sale/jhelum/all/193",0
"https://test1.graana.rocks/land/for_sale/sukkur/all/207",7
"https://test1.graana.rocks/land/for_sale/gujrat/all/233",0
"https://test1.graana.rocks/land/for_sale/lalamusa/all/234",0
"https://test1.graana.rocks/land/for_sale/kharian/all/235",0
"https://test1.graana.rocks/land/for_sale/wazirabad/all/236",0
"https://test1.graana.rocks/land/for_sale/khanewal/all/240",0
"https://test1.graana.rocks/land/for_sale/dina/all/243",0
"https://test1.graana.rocks/plaza/for_rent/islamabad/all/1",19
"https://test1.graana.rocks/plaza/for_rent/lahore/all/2",44
"https://test1.graana.rocks/plaza/for_rent/rawalpindi/all/3",6
"https://test1.graana.rocks/plaza/for_rent/taxila/all/166",0
"https://test1.graana.rocks/plaza/for_rent/multan/all/168",1
"https://test1.graana.rocks/plaza/for_rent/karachi/all/169",0
"https://test1.graana.rocks/plaza/for_rent/faisalabad/all/170",10
"https://test1.graana.rocks/plaza/for_rent/wah/all/173",0
"https://test1.graana.rocks/plaza/for_rent/gujranwala/all/174",1
"https://test1.graana.rocks/plaza/for_rent/peshawar/all/176",0
"https://test1.graana.rocks/plaza/for_rent/gwadar/all/179",0
"https://test1.graana.rocks/plaza/for_rent/hyderabad/all/183",0
"https://test1.graana.rocks/plaza/for_rent/quetta/all/187",1
"https://test1.graana.rocks/plaza/for_rent/sialkot/all/190",4
"https://test1.graana.rocks/plaza/for_rent/jhelum/all/193",2
"https://test1.graana.rocks/plaza/for_rent/sukkur/all/207",0
"https://test1.graana.rocks/plaza/for_rent/gujrat/all/233",2
"https://test1.graana.rocks/plaza/for_rent/lalamusa/all/234",0
"https://test1.graana.rocks/plaza/for_rent/kharian/all/235",0
"https://test1.graana.rocks/plaza/for_rent/wazirabad/all/236",0
"https://test1.graana.rocks/plaza/for_rent/khanewal/all/240",0
"https://test1.graana.rocks/plaza/for_rent/dina/all/243",0
"https://test1.graana.rocks/plaza/for_sale/islamabad/all/1",35
"https://test1.graana.rocks/plaza/for_sale/lahore/all/2",14
"https://test1.graana.rocks/plaza/for_sale/rawalpindi/all/3",16
"https://test1.graana.rocks/plaza/for_sale/taxila/all/166",0
"https://test1.graana.rocks/plaza/for_sale/multan/all/168",8
"https://test1.graana.rocks/plaza/for_sale/karachi/all/169",1
"https://test1.graana.rocks/plaza/for_sale/faisalabad/all/170",3
"https://test1.graana.rocks/plaza/for_sale/wah/all/173",1
"https://test1.graana.rocks/plaza/for_sale/gujranwala/all/174",0
"https://test1.graana.rocks/plaza/for_sale/peshawar/all/176",6
"https://test1.graana.rocks/plaza/for_sale/gwadar/all/179",0
"https://test1.graana.rocks/plaza/for_sale/hyderabad/all/183",0
"https://test1.graana.rocks/plaza/for_sale/quetta/all/187",4
"https://test1.graana.rocks/plaza/for_sale/sialkot/all/190",3
"https://test1.graana.rocks/plaza/for_sale/jhelum/all/193",4
"https://test1.graana.rocks/plaza/for_sale/sukkur/all/207",2
"https://test1.graana.rocks/plaza/for_sale/gujrat/all/233",4
"https://test1.graana.rocks/plaza/for_sale/lalamusa/all/234",0
"https://test1.graana.rocks/plaza/for_sale/kharian/all/235",0
"https://test1.graana.rocks/plaza/for_sale/wazirabad/all/236",0
"https://test1.graana.rocks/plaza/for_sale/khanewal/all/240",0
"https://test1.graana.rocks/plaza/for_sale/dina/all/243",0
"https://test1.graana.rocks/plot/for_rent/islamabad/all/1",1
"https://test1.graana.rocks/plot/for_rent/lahore/all/2",5
"https://test1.graana.rocks/plot/for_rent/rawalpindi/all/3",0
"https://test1.graana.rocks/plot/for_rent/taxila/all/166",0
"https://test1.graana.rocks/plot/for_rent/multan/all/168",3
"https://test1.graana.rocks/plot/for_rent/karachi/all/169",9
"https://test1.graana.rocks/plot/for_rent/faisalabad/all/170",0
"https://test1.graana.rocks/plot/for_rent/wah/all/173",0
"https://test1.graana.rocks/plot/for_rent/gujranwala/all/174",0
"https://test1.graana.rocks/plot/for_rent/peshawar/all/176",0
"https://test1.graana.rocks/plot/for_rent/gwadar/all/179",0
"https://test1.graana.rocks/plot/for_rent/hyderabad/all/183",1
"https://test1.graana.rocks/plot/for_rent/quetta/all/187",3
"https://test1.graana.rocks/plot/for_rent/sialkot/all/190",0
"https://test1.graana.rocks/plot/for_rent/jhelum/all/193",0
"https://test1.graana.rocks/plot/for_rent/sukkur/all/207",3
"https://test1.graana.rocks/plot/for_rent/gujrat/all/233",0
"https://test1.graana.rocks/plot/for_rent/lalamusa/all/234",0
"https://test1.graana.rocks/plot/for_rent/kharian/all/235",0
"https://test1.graana.rocks/plot/for_rent/wazirabad/all/236",0
"https://test1.graana.rocks/plot/for_rent/khanewal/all/240",0
"https://test1.graana.rocks/plot/for_rent/dina/all/243",0
"https://test1.graana.rocks/plot/for_sale/islamabad/all/1",5262
"https://test1.graana.rocks/plot/for_sale/lahore/all/2",12034
"https://test1.graana.rocks/plot/for_sale/rawalpindi/all/3",2776
"https://test1.graana.rocks/plot/for_sale/taxila/all/166",113
"https://test1.graana.rocks/plot/for_sale/multan/all/168",14173
"https://test1.graana.rocks/plot/for_sale/karachi/all/169",36300
"https://test1.graana.rocks/plot/for_sale/faisalabad/all/170",7793
"https://test1.graana.rocks/plot/for_sale/wah/all/173",33
"https://test1.graana.rocks/plot/for_sale/gujranwala/all/174",1802
"https://test1.graana.rocks/plot/for_sale/peshawar/all/176",3044
"https://test1.graana.rocks/plot/for_sale/gwadar/all/179",590
"https://test1.graana.rocks/plot/for_sale/hyderabad/all/183",4009
"https://test1.graana.rocks/plot/for_sale/quetta/all/187",888
"https://test1.graana.rocks/plot/for_sale/sialkot/all/190",2563
"https://test1.graana.rocks/plot/for_sale/jhelum/all/193",1921
"https://test1.graana.rocks/plot/for_sale/sukkur/all/207",3418
"https://test1.graana.rocks/plot/for_sale/gujrat/all/233",1754
"https://test1.graana.rocks/plot/for_sale/lalamusa/all/234",0
"https://test1.graana.rocks/plot/for_sale/kharian/all/235",580
"https://test1.graana.rocks/plot/for_sale/wazirabad/all/236",151
"https://test1.graana.rocks/plot/for_sale/khanewal/all/240",0
"https://test1.graana.rocks/plot/for_sale/dina/all/243",0
"https://test1.graana.rocks/residential-plot/for_rent/islamabad/all/1",0
"https://test1.graana.rocks/residential-plot/for_rent/lahore/all/2",1
"https://test1.graana.rocks/residential-plot/for_rent/rawalpindi/all/3",0
"https://test1.graana.rocks/residential-plot/for_rent/taxila/all/166",0
"https://test1.graana.rocks/residential-plot/for_rent/multan/all/168",1
"https://test1.graana.rocks/residential-plot/for_rent/karachi/all/169",0
"https://test1.graana.rocks/residential-plot/for_rent/faisalabad/all/170",0
"https://test1.graana.rocks/residential-plot/for_rent/wah/all/173",0
"https://test1.graana.rocks/residential-plot/for_rent/gujranwala/all/174",0
"https://test1.graana.rocks/residential-plot/for_rent/peshawar/all/176",0
"https://test1.graana.rocks/residential-plot/for_rent/gwadar/all/179",0
"https://test1.graana.rocks/residential-plot/for_rent/hyderabad/all/183",1
"https://test1.graana.rocks/residential-plot/for_rent/quetta/all/187",0
"https://test1.graana.rocks/residential-plot/for_rent/sialkot/all/190",0
"https://test1.graana.rocks/residential-plot/for_rent/jhelum/all/193",0
"https://test1.graana.rocks/residential-plot/for_rent/sukkur/all/207",1
"https://test1.graana.rocks/residential-plot/for_rent/gujrat/all/233",0
"https://test1.graana.rocks/residential-plot/for_rent/lalamusa/all/234",0
"https://test1.graana.rocks/residential-plot/for_rent/kharian/all/235",0
"https://test1.graana.rocks/residential-plot/for_rent/wazirabad/all/236",0
"https://test1.graana.rocks/residential-plot/for_rent/khanewal/all/240",0
"https://test1.graana.rocks/residential-plot/for_rent/dina/all/243",0
"https://test1.graana.rocks/residential-plot/for_sale/islamabad/all/1",4853
"https://test1.graana.rocks/residential-plot/for_sale/lahore/all/2",10174
"https://test1.graana.rocks/residential-plot/for_sale/rawalpindi/all/3",2486
"https://test1.graana.rocks/residential-plot/for_sale/taxila/all/166",104
"https://test1.graana.rocks/residential-plot/for_sale/multan/all/168",14054
"https://test1.graana.rocks/residential-plot/for_sale/karachi/all/169",35078
"https://test1.graana.rocks/residential-plot/for_sale/faisalabad/all/170",7578
"https://test1.graana.rocks/residential-plot/for_sale/wah/all/173",29
"https://test1.graana.rocks/residential-plot/for_sale/gujranwala/all/174",1729
"https://test1.graana.rocks/residential-plot/for_sale/peshawar/all/176",3034
"https://test1.graana.rocks/residential-plot/for_sale/gwadar/all/179",407
"https://test1.graana.rocks/residential-plot/for_sale/hyderabad/all/183",3881
"https://test1.graana.rocks/residential-plot/for_sale/quetta/all/187",852
"https://test1.graana.rocks/residential-plot/for_sale/sialkot/all/190",2549
"https://test1.graana.rocks/residential-plot/for_sale/jhelum/all/193",1643
"https://test1.graana.rocks/residential-plot/for_sale/sukkur/all/207",2674
"https://test1.graana.rocks/residential-plot/for_sale/gujrat/all/233",1696
"https://test1.graana.rocks/residential-plot/for_sale/lalamusa/all/234",0
"https://test1.graana.rocks/residential-plot/for_sale/kharian/all/235",307
"https://test1.graana.rocks/residential-plot/for_sale/wazirabad/all/236",151
"https://test1.graana.rocks/residential-plot/for_sale/khanewal/all/240",0
"https://test1.graana.rocks/residential-plot/for_sale/dina/all/243",0
"https://test1.graana.rocks/commercial-plot/for_rent/islamabad/all/1",1
"https://test1.graana.rocks/commercial-plot/for_rent/lahore/all/2",3
"https://test1.graana.rocks/commercial-plot/for_rent/rawalpindi/all/3",0
"https://test1.graana.rocks/commercial-plot/for_rent/taxila/all/166",0
"https://test1.graana.rocks/commercial-plot/for_rent/multan/all/168",2
"https://test1.graana.rocks/commercial-plot/for_rent/karachi/all/169",5
"https://test1.graana.rocks/commercial-plot/for_rent/faisalabad/all/170",0
"https://test1.graana.rocks/commercial-plot/for_rent/wah/all/173",0
"https://test1.graana.rocks/commercial-plot/for_rent/gujranwala/all/174",0
"https://test1.graana.rocks/commercial-plot/for_rent/peshawar/all/176",0
"https://test1.graana.rocks/commercial-plot/for_rent/gwadar/all/179",0
"https://test1.graana.rocks/commercial-plot/for_rent/hyderabad/all/183",0
"https://test1.graana.rocks/commercial-plot/for_rent/quetta/all/187",3
"https://test1.graana.rocks/commercial-plot/for_rent/sialkot/all/190",0
"https://test1.graana.rocks/commercial-plot/for_rent/jhelum/all/193",0
"https://test1.graana.rocks/commercial-plot/for_rent/sukkur/all/207",2
"https://test1.graana.rocks/commercial-plot/for_rent/gujrat/all/233",0
"https://test1.graana.rocks/commercial-plot/for_rent/lalamusa/all/234",0
"https://test1.graana.rocks/commercial-plot/for_rent/kharian/all/235",0
"https://test1.graana.rocks/commercial-plot/for_rent/wazirabad/all/236",0
"https://test1.graana.rocks/commercial-plot/for_rent/khanewal/all/240",0
"https://test1.graana.rocks/commercial-plot/for_rent/dina/all/243",0
"https://test1.graana.rocks/commercial-plot/for_sale/islamabad/all/1",169
"https://test1.graana.rocks/commercial-plot/for_sale/lahore/all/2",372
"https://test1.graana.rocks/commercial-plot/for_sale/rawalpindi/all/3",94
"https://test1.graana.rocks/commercial-plot/for_sale/taxila/all/166",5
"https://test1.graana.rocks/commercial-plot/for_sale/multan/all/168",72
"https://test1.graana.rocks/commercial-plot/for_sale/karachi/all/169",1053
"https://test1.graana.rocks/commercial-plot/for_sale/faisalabad/all/170",180
"https://test1.graana.rocks/commercial-plot/for_sale/wah/all/173",0
"https://test1.graana.rocks/commercial-plot/for_sale/gujranwala/all/174",19
"https://test1.graana.rocks/commercial-plot/for_sale/peshawar/all/176",6
"https://test1.graana.rocks/commercial-plot/for_sale/gwadar/all/179",143
"https://test1.graana.rocks/commercial-plot/for_sale/hyderabad/all/183",93
"https://test1.graana.rocks/commercial-plot/for_sale/quetta/all/187",10
"https://test1.graana.rocks/commercial-plot/for_sale/sialkot/all/190",8
"https://test1.graana.rocks/commercial-plot/for_sale/jhelum/all/193",222
"https://test1.graana.rocks/commercial-plot/for_sale/sukkur/all/207",345
"https://test1.graana.rocks/commercial-plot/for_sale/gujrat/all/233",55
"https://test1.graana.rocks/commercial-plot/for_sale/lalamusa/all/234",0
"https://test1.graana.rocks/commercial-plot/for_sale/kharian/all/235",2
"https://test1.graana.rocks/commercial-plot/for_sale/wazirabad/all/236",0
"https://test1.graana.rocks/commercial-plot/for_sale/khanewal/all/240",0
"https://test1.graana.rocks/commercial-plot/for_sale/dina/all/243",0
"https://test1.graana.rocks/agricultural-land/for_rent/islamabad/all/1",0
"https://test1.graana.rocks/agricultural-land/for_rent/lahore/all/2",0
"https://test1.graana.rocks/agricultural-land/for_rent/rawalpindi/all/3",0
"https://test1.graana.rocks/agricultural-land/for_rent/taxila/all/166",0
"https://test1.graana.rocks/agricultural-land/for_rent/multan/all/168",0
"https://test1.graana.rocks/agricultural-land/for_rent/karachi/all/169",1
"https://test1.graana.rocks/agricultural-land/for_rent/faisalabad/all/170",0
"https://test1.graana.rocks/agricultural-land/for_rent/wah/all/173",0
"https://test1.graana.rocks/agricultural-land/for_rent/gujranwala/all/174",0
"https://test1.graana.rocks/agricultural-land/for_rent/peshawar/all/176",0
"https://test1.graana.rocks/agricultural-land/for_rent/gwadar/all/179",0
"https://test1.graana.rocks/agricultural-land/for_rent/hyderabad/all/183",0
"https://test1.graana.rocks/agricultural-land/for_rent/quetta/all/187",0
"https://test1.graana.rocks/agricultural-land/for_rent/sialkot/all/190",0
"https://test1.graana.rocks/agricultural-land/for_rent/jhelum/all/193",0
"https://test1.graana.rocks/agricultural-land/for_rent/sukkur/all/207",0
"https://test1.graana.rocks/agricultural-land/for_rent/gujrat/all/233",0
"https://test1.graana.rocks/agricultural-land/for_rent/lalamusa/all/234",0
"https://test1.graana.rocks/agricultural-land/for_rent/kharian/all/235",0
"https://test1.graana.rocks/agricultural-land/for_rent/wazirabad/all/236",0
"https://test1.graana.rocks/agricultural-land/for_rent/khanewal/all/240",0
"https://test1.graana.rocks/agricultural-land/for_rent/dina/all/243",0
"https://test1.graana.rocks/agricultural-land/for_sale/islamabad/all/1",3
"https://test1.graana.rocks/agricultural-land/for_sale/lahore/all/2",19
"https://test1.graana.rocks/agricultural-land/for_sale/rawalpindi/all/3",8
"https://test1.graana.rocks/agricultural-land/for_sale/taxila/all/166",1
"https://test1.graana.rocks/agricultural-land/for_sale/multan/all/168",13
"https://test1.graana.rocks/agricultural-land/for_sale/karachi/all/169",17
"https://test1.graana.rocks/agricultural-land/for_sale/faisalabad/all/170",13
"https://test1.graana.rocks/agricultural-land/for_sale/wah/all/173",0
"https://test1.graana.rocks/agricultural-land/for_sale/gujranwala/all/174",1
"https://test1.graana.rocks/agricultural-land/for_sale/peshawar/all/176",0
"https://test1.graana.rocks/agricultural-land/for_sale/gwadar/all/179",4
"https://test1.graana.rocks/agricultural-land/for_sale/hyderabad/all/183",2
"https://test1.graana.rocks/agricultural-land/for_sale/quetta/all/187",0
"https://test1.graana.rocks/agricultural-land/for_sale/sialkot/all/190",3
"https://test1.graana.rocks/agricultural-land/for_sale/jhelum/all/193",2
"https://test1.graana.rocks/agricultural-land/for_sale/sukkur/all/207",3
"https://test1.graana.rocks/agricultural-land/for_sale/gujrat/all/233",1
"https://test1.graana.rocks/agricultural-land/for_sale/lalamusa/all/234",0
"https://test1.graana.rocks/agricultural-land/for_sale/kharian/all/235",0
"https://test1.graana.rocks/agricultural-land/for_sale/wazirabad/all/236",0
"https://test1.graana.rocks/agricultural-land/for_sale/khanewal/all/240",0
"https://test1.graana.rocks/agricultural-land/for_sale/dina/all/243",0
"https://test1.graana.rocks/industrial-land/for_rent/islamabad/all/1",0
"https://test1.graana.rocks/industrial-land/for_rent/lahore/all/2",1
"https://test1.graana.rocks/industrial-land/for_rent/rawalpindi/all/3",0
"https://test1.graana.rocks/industrial-land/for_rent/taxila/all/166",0
"https://test1.graana.rocks/industrial-land/for_rent/multan/all/168",0
"https://test1.graana.rocks/industrial-land/for_rent/karachi/all/169",3
"https://test1.graana.rocks/industrial-land/for_rent/faisalabad/all/170",0
"https://test1.graana.rocks/industrial-land/for_rent/wah/all/173",0
"https://test1.graana.rocks/industrial-land/for_rent/gujranwala/all/174",0
"https://test1.graana.rocks/industrial-land/for_rent/peshawar/all/176",0
"https://test1.graana.rocks/industrial-land/for_rent/gwadar/all/179",0
"https://test1.graana.rocks/industrial-land/for_rent/hyderabad/all/183",0
"https://test1.graana.rocks/industrial-land/for_rent/quetta/all/187",0
"https://test1.graana.rocks/industrial-land/for_rent/sialkot/all/190",0
"https://test1.graana.rocks/industrial-land/for_rent/jhelum/all/193",0
"https://test1.graana.rocks/industrial-land/for_rent/sukkur/all/207",0
"https://test1.graana.rocks/industrial-land/for_rent/gujrat/all/233",0
"https://test1.graana.rocks/industrial-land/for_rent/lalamusa/all/234",0
"https://test1.graana.rocks/industrial-land/for_rent/kharian/all/235",0
"https://test1.graana.rocks/industrial-land/for_rent/wazirabad/all/236",0
"https://test1.graana.rocks/industrial-land/for_rent/khanewal/all/240",0
"https://test1.graana.rocks/industrial-land/for_rent/dina/all/243",0
"https://test1.graana.rocks/industrial-land/for_sale/islamabad/all/1",3
"https://test1.graana.rocks/industrial-land/for_sale/lahore/all/2",7
"https://test1.graana.rocks/industrial-land/for_sale/rawalpindi/all/3",2
"https://test1.graana.rocks/industrial-land/for_sale/taxila/all/166",0
"https://test1.graana.rocks/industrial-land/for_sale/multan/all/168",0
"https://test1.graana.rocks/industrial-land/for_sale/karachi/all/169",18
"https://test1.graana.rocks/industrial-land/for_sale/faisalabad/all/170",4
"https://test1.graana.rocks/industrial-land/for_sale/wah/all/173",0
"https://test1.graana.rocks/industrial-land/for_sale/gujranwala/all/174",1
"https://test1.graana.rocks/industrial-land/for_sale/peshawar/all/176",0
"https://test1.graana.rocks/industrial-land/for_sale/gwadar/all/179",25
"https://test1.graana.rocks/industrial-land/for_sale/hyderabad/all/183",2
"https://test1.graana.rocks/industrial-land/for_sale/quetta/all/187",0
"https://test1.graana.rocks/industrial-land/for_sale/sialkot/all/190",2
"https://test1.graana.rocks/industrial-land/for_sale/jhelum/all/193",0
"https://test1.graana.rocks/industrial-land/for_sale/sukkur/all/207",2
"https://test1.graana.rocks/industrial-land/for_sale/gujrat/all/233",1
"https://test1.graana.rocks/industrial-land/for_sale/lalamusa/all/234",0
"https://test1.graana.rocks/industrial-land/for_sale/kharian/all/235",0
"https://test1.graana.rocks/industrial-land/for_sale/wazirabad/all/236",0
"https://test1.graana.rocks/industrial-land/for_sale/khanewal/all/240",0
"https://test1.graana.rocks/industrial-land/for_sale/dina/all/243",0
"https://test1.graana.rocks/plot-file/for_rent/islamabad/all/1",0
"https://test1.graana.rocks/plot-file/for_rent/lahore/all/2",0
"https://test1.graana.rocks/plot-file/for_rent/rawalpindi/all/3",0
"https://test1.graana.rocks/plot-file/for_rent/taxila/all/166",0
"https://test1.graana.rocks/plot-file/for_rent/multan/all/168",0
"https://test1.graana.rocks/plot-file/for_rent/karachi/all/169",0
"https://test1.graana.rocks/plot-file/for_rent/faisalabad/all/170",0
"https://test1.graana.rocks/plot-file/for_rent/wah/all/173",0
"https://test1.graana.rocks/plot-file/for_rent/gujranwala/all/174",0
"https://test1.graana.rocks/plot-file/for_rent/peshawar/all/176",0
"https://test1.graana.rocks/plot-file/for_rent/gwadar/all/179",0
"https://test1.graana.rocks/plot-file/for_rent/hyderabad/all/183",0
"https://test1.graana.rocks/plot-file/for_rent/quetta/all/187",0
"https://test1.graana.rocks/plot-file/for_rent/sialkot/all/190",0
"https://test1.graana.rocks/plot-file/for_rent/jhelum/all/193",0
"https://test1.graana.rocks/plot-file/for_rent/sukkur/all/207",0
"https://test1.graana.rocks/plot-file/for_rent/gujrat/all/233",0
"https://test1.graana.rocks/plot-file/for_rent/lalamusa/all/234",0
"https://test1.graana.rocks/plot-file/for_rent/kharian/all/235",0
"https://test1.graana.rocks/plot-file/for_rent/wazirabad/all/236",0
"https://test1.graana.rocks/plot-file/for_rent/khanewal/all/240",0
"https://test1.graana.rocks/plot-file/for_rent/dina/all/243",0
"https://test1.graana.rocks/plot-file/for_sale/islamabad/all/1",153
"https://test1.graana.rocks/plot-file/for_sale/lahore/all/2",1403
"https://test1.graana.rocks/plot-file/for_sale/rawalpindi/all/3",157
"https://test1.graana.rocks/plot-file/for_sale/taxila/all/166",2
"https://test1.graana.rocks/plot-file/for_sale/multan/all/168",32
"https://test1.graana.rocks/plot-file/for_sale/karachi/all/169",83
"https://test1.graana.rocks/plot-file/for_sale/faisalabad/all/170",8
"https://test1.graana.rocks/plot-file/for_sale/wah/all/173",4
"https://test1.graana.rocks/plot-file/for_sale/gujranwala/all/174",51
"https://test1.graana.rocks/plot-file/for_sale/peshawar/all/176",3
"https://test1.graana.rocks/plot-file/for_sale/gwadar/all/179",9
"https://test1.graana.rocks/plot-file/for_sale/hyderabad/all/183",31
"https://test1.graana.rocks/plot-file/for_sale/quetta/all/187",26
"https://test1.graana.rocks/plot-file/for_sale/sialkot/all/190",1
"https://test1.graana.rocks/plot-file/for_sale/jhelum/all/193",52
"https://test1.graana.rocks/plot-file/for_sale/sukkur/all/207",393
"https://test1.graana.rocks/plot-file/for_sale/gujrat/all/233",0
"https://test1.graana.rocks/plot-file/for_sale/lalamusa/all/234",0
"https://test1.graana.rocks/plot-file/for_sale/kharian/all/235",271
"https://test1.graana.rocks/plot-file/for_sale/wazirabad/all/236",0
"https://test1.graana.rocks/plot-file/for_sale/khanewal/all/240",0
"https://test1.graana.rocks/plot-file/for_sale/dina/all/243",0
"https://test1.graana.rocks/farmhouse-plot/for_rent/islamabad/all/1",0
"https://test1.graana.rocks/farmhouse-plot/for_rent/lahore/all/2",0
"https://test1.graana.rocks/farmhouse-plot/for_rent/rawalpindi/all/3",0
"https://test1.graana.rocks/farmhouse-plot/for_rent/taxila/all/166",0
"https://test1.graana.rocks/farmhouse-plot/for_rent/multan/all/168",0
"https://test1.graana.rocks/farmhouse-plot/for_rent/karachi/all/169",0
"https://test1.graana.rocks/farmhouse-plot/for_rent/faisalabad/all/170",0
"https://test1.graana.rocks/farmhouse-plot/for_rent/wah/all/173",0
"https://test1.graana.rocks/farmhouse-plot/for_rent/gujranwala/all/174",0
"https://test1.graana.rocks/farmhouse-plot/for_rent/peshawar/all/176",0
"https://test1.graana.rocks/farmhouse-plot/for_rent/gwadar/all/179",0
"https://test1.graana.rocks/farmhouse-plot/for_rent/hyderabad/all/183",0
"https://test1.graana.rocks/farmhouse-plot/for_rent/quetta/all/187",0
"https://test1.graana.rocks/farmhouse-plot/for_rent/sialkot/all/190",0
"https://test1.graana.rocks/farmhouse-plot/for_rent/jhelum/all/193",0
"https://test1.graana.rocks/farmhouse-plot/for_rent/sukkur/all/207",0
"https://test1.graana.rocks/farmhouse-plot/for_rent/gujrat/all/233",0
"https://test1.graana.rocks/farmhouse-plot/for_rent/lalamusa/all/234",0
"https://test1.graana.rocks/farmhouse-plot/for_rent/kharian/all/235",0
"https://test1.graana.rocks/farmhouse-plot/for_rent/wazirabad/all/236",0
"https://test1.graana.rocks/farmhouse-plot/for_rent/khanewal/all/240",0
"https://test1.graana.rocks/farmhouse-plot/for_rent/dina/all/243",0
"https://test1.graana.rocks/farmhouse-plot/for_sale/islamabad/all/1",62
"https://test1.graana.rocks/farmhouse-plot/for_sale/lahore/all/2",55
"https://test1.graana.rocks/farmhouse-plot/for_sale/rawalpindi/all/3",26
"https://test1.graana.rocks/farmhouse-plot/for_sale/taxila/all/166",0
"https://test1.graana.rocks/farmhouse-plot/for_sale/multan/all/168",0
"https://test1.graana.rocks/farmhouse-plot/for_sale/karachi/all/169",41
"https://test1.graana.rocks/farmhouse-plot/for_sale/faisalabad/all/170",0
"https://test1.graana.rocks/farmhouse-plot/for_sale/wah/all/173",0
"https://test1.graana.rocks/farmhouse-plot/for_sale/gujranwala/all/174",0
"https://test1.graana.rocks/farmhouse-plot/for_sale/peshawar/all/176",1
"https://test1.graana.rocks/farmhouse-plot/for_sale/gwadar/all/179",2
"https://test1.graana.rocks/farmhouse-plot/for_sale/hyderabad/all/183",0
"https://test1.graana.rocks/farmhouse-plot/for_sale/quetta/all/187",0
"https://test1.graana.rocks/farmhouse-plot/for_sale/sialkot/all/190",0
"https://test1.graana.rocks/farmhouse-plot/for_sale/jhelum/all/193",1
"https://test1.graana.rocks/farmhouse-plot/for_sale/sukkur/all/207",1
"https://test1.graana.rocks/farmhouse-plot/for_sale/gujrat/all/233",1
"https://test1.graana.rocks/farmhouse-plot/for_sale/lalamusa/all/234",0
"https://test1.graana.rocks/farmhouse-plot/for_sale/kharian/all/235",0
"https://test1.graana.rocks/farmhouse-plot/for_sale/wazirabad/all/236",0
"https://test1.graana.rocks/farmhouse-plot/for_sale/khanewal/all/240",0
"https://test1.graana.rocks/farmhouse-plot/for_sale/dina/all/243",0
